symbol,entry_date,exit_date,hold_days,gross_return,net_return,weight
TITAN,2023-11-20,2023-11-21,1,0.014525455361030781,0.01202545536103078,0.2
TITAN,2024-02-07,2024-02-08,1,-0.007661071367116357,-0.010161071367116357,0.2
TITAN,2024-02-08,2024-02-12,4,0.010185635321942277,0.007685635321942276,0.2
AXISBANK,2024-02-12,2024-02-13,1,0.022977025777749516,0.020477025777749517,0.2
BHARTIARTL,2024-02-08,2024-02-14,6,-0.023026824494912557,-0.025526824494912555,0.2
AXISBANK,2024-02-13,2024-02-14,1,0.0243753351475815,0.021875335147581502,0.2
KOTAKBANK,2024-02-13,2024-02-14,1,0.0067928365330631735,0.004292836533063173,0.2
AXISBANK,2024-02-19,2024-02-21,2,0.01999162366634999,0.01749162366634999,0.2
TITAN,2024-02-23,2024-02-26,3,-0.018811284401679007,-0.021311284401679006,0.2
HDFCBANK,2024-02-19,2024-02-27,8,0.015559893505662892,0.013059893505662891,0.2
TITAN,2024-02-27,2024-02-28,1,-0.016188427040328857,-0.018688427040328855,0.2
KOTAKBANK,2024-02-27,2024-02-29,2,-0.010136247917157282,-0.012636247917157282,0.2
KOTAKBANK,2024-02-29,2024-03-05,5,0.022344554748692236,0.019844554748692237,0.2
TITAN,2024-03-04,2024-03-05,1,0.004916428871203804,0.002416428871203804,0.2
TATASTEEL,2024-03-04,2024-03-06,2,-0.009797569746564538,-0.012297569746564539,0.2
KOTAKBANK,2024-03-05,2024-03-07,2,0.02567465747349207,0.02317465747349207,0.2
TECHM,2024-03-01,2024-03-12,11,0.006486898272057839,0.003986898272057839,0.2
TITAN,2024-03-06,2024-03-12,6,-0.006258621165394329,-0.00875862116539433,0.2
KOTAKBANK,2024-03-12,2024-03-13,1,0.005347770898356918,0.0028477708983569183,0.2
TATASTEEL,2024-03-12,2024-03-13,1,-0.058032855790586146,-0.06053285579058615,0.2
TATASTEEL,2024-03-13,2024-03-14,1,-0.008353505002372086,-0.010853505002372086,0.2
AXISBANK,2024-03-13,2024-03-18,5,-0.020501660204654715,-0.023001660204654713,0.2
TECHM,2024-03-15,2024-03-18,3,-0.007448124066542605,-0.009948124066542606,0.2
TATASTEEL,2024-03-19,2024-03-20,1,-0.02084025607994633,-0.023340256079946328,0.2
TITAN,2024-03-20,2024-03-21,1,0.010318965647010847,0.007818965647010847,0.2
TATASTEEL,2024-03-20,2024-03-21,1,0.030552737241363204,0.028052737241363205,0.2
TITAN,2024-03-28,2024-04-02,5,-0.012060048023840197,-0.014560048023840198,0.2
KOTAKBANK,2024-04-03,2024-04-04,1,0.010397628295850003,0.007897628295850003,0.2
TECHM,2024-04-03,2024-04-04,1,0.01920084903812036,0.01670084903812036,0.2
TITAN,2024-04-04,2024-04-09,5,-0.02733458061047489,-0.02983458061047489,0.2
TECHM,2024-04-09,2024-04-10,1,0.011906682405537827,0.009406682405537827,0.2
TITAN,2024-04-10,2024-04-16,6,-0.029801661415233327,-0.03230166141523333,0.2
AXISBANK,2024-04-23,2024-04-24,1,0.0071039317726062645,0.004603931772606264,0.2
HCLTECH,2024-04-23,2024-04-24,1,-0.004977444204840031,-0.007477444204840032,0.2
WIPRO,2024-04-23,2024-04-25,2,-0.002380337274212163,-0.004880337274212164,0.2
HCLTECH,2024-04-24,2024-04-25,1,0.016832811326569885,0.014332811326569885,0.2
TITAN,2024-04-24,2024-04-26,2,-0.006911885691075259,-0.00941188569107526,0.2
KOTAKBANK,2024-04-25,2024-04-26,1,-0.020670323906609056,-0.023170323906609055,0.2
AXISBANK,2024-04-24,2024-04-29,5,0.06306144380257206,0.06056144380257206,0.2
HCLTECH,2024-04-26,2024-04-29,3,-0.058655827250087444,-0.06115582725008745,0.2
TITAN,2024-04-26,2024-04-29,3,0.005593104332586085,0.003093104332586085,0.2
KOTAKBANK,2024-04-26,2024-04-30,4,0.019832097935322146,0.017332097935322147,0.2
HCLTECH,2024-04-29,2024-04-30,1,-0.014992178680300228,-0.017492178680300226,0.2
TITAN,2024-04-29,2024-04-30,1,-0.004327495845984242,-0.006827495845984242,0.2
KOTAKBANK,2024-04-30,2024-05-03,3,-0.04756929321274661,-0.05006929321274661,0.2
TITAN,2024-04-30,2024-05-03,3,-0.015421105484161313,-0.01792110548416131,0.2
BHARTIARTL,2024-04-30,2024-05-03,3,-0.033956002007684005,-0.03645600200768401,0.2
KOTAKBANK,2024-05-03,2024-05-06,3,0.0501712776586436,0.047671277658643596,0.2
HCLTECH,2024-04-30,2024-05-07,7,-0.013573830544789556,-0.016073830544789555,0.2
ITC,2024-05-06,2024-05-08,2,0.01437608965906989,0.01187608965906989,0.2
HCLTECH,2024-05-07,2024-05-08,1,-0.012998126145626565,-0.015498126145626566,0.2
TITAN,2024-05-03,2024-05-09,6,-0.07754883152224323,-0.08004883152224324,0.2
KOTAKBANK,2024-05-06,2024-05-09,3,0.011574211815105873,0.009074211815105872,0.2
BHARTIARTL,2024-05-08,2024-05-09,1,-0.010204907903683114,-0.012704907903683114,0.2
HDFCBANK,2024-05-09,2024-05-10,1,0.0069328438582678675,0.004432843858267867,0.2
TITAN,2024-05-09,2024-05-10,1,0.013602629694391632,0.011102629694391632,0.2
HCLTECH,2024-05-08,2024-05-13,5,-0.0005709588304586566,-0.0030709588304586566,0.2
WIPRO,2024-05-09,2024-05-13,4,-0.00866424198522231,-0.01116424198522231,0.2
TITAN,2024-05-10,2024-05-13,3,-0.011003528719375377,-0.013503528719375378,0.2
HDFCBANK,2024-05-10,2024-05-14,4,0.016030209820340424,0.013530209820340424,0.2
HCLTECH,2024-05-13,2024-05-14,1,0.0062076219714197745,0.0037076219714197744,0.2
TITAN,2024-05-13,2024-05-14,1,0.010833964013941655,0.008333964013941654,0.2
KOTAKBANK,2024-05-10,2024-05-15,5,0.01403610096365182,0.01153610096365182,0.2
TITAN,2024-05-14,2024-05-15,1,-0.0061874444895124725,-0.008687444489512473,0.2
BHARTIARTL,2024-05-14,2024-05-15,1,0.019932944857610435,0.017432944857610436,0.2
WIPRO,2024-05-15,2024-05-16,1,0.013419231264560016,0.010919231264560016,0.2
TITAN,2024-05-15,2024-05-16,1,0.019993568985854804,0.017493568985854805,0.2
TECHM,2024-05-15,2024-05-17,2,0.024244838945358227,0.021744838945358228,0.2
TITAN,2024-05-16,2024-05-17,1,0.008173598212210198,0.0056735982122101975,0.2
HCLTECH,2024-05-14,2024-05-22,8,0.008970303398154966,0.006470303398154966,0.2
TCS,2024-05-16,2024-05-22,6,-0.0176751963292332,-0.0201751963292332,0.2
WIPRO,2024-05-16,2024-05-22,6,-0.006782303472381512,-0.009282303472381513,0.2
HCLTECH,2024-05-22,2024-05-23,1,0.007818155145554728,0.005318155145554728,0.2
TCS,2024-05-22,2024-05-23,1,0.01603595610984776,0.01353595610984776,0.2
WIPRO,2024-05-22,2024-05-23,1,0.009755086811347624,0.007255086811347624,0.2
HDFCBANK,2024-05-22,2024-05-23,1,0.022889193573560007,0.02038919357356001,0.2
TITAN,2024-05-22,2024-05-23,1,0.02015443317449006,0.017654433174490062,0.2
HCLTECH,2024-05-23,2024-05-24,1,-0.006169049987915676,-0.008669049987915676,0.2
WIPRO,2024-05-23,2024-05-24,1,-0.004615715041640267,-0.0071157150416402675,0.2
LT,2024-05-23,2024-05-24,1,0.011295862035238802,0.008795862035238801,0.2
TECHM,2024-05-24,2024-05-27,3,0.006014896615301746,0.0035148966153017457,0.2
WIPRO,2024-05-24,2024-05-29,5,-0.0241561154622143,-0.0266561154622143,0.2
TECHM,2024-05-27,2024-05-29,2,-0.032526227728730484,-0.035026227728730486,0.2
TCS,2024-05-23,2024-05-30,7,-0.02306435047579336,-0.02556435047579336,0.2
HCLTECH,2024-05-24,2024-05-30,6,0.005872841265553097,0.003372841265553097,0.2
LT,2024-05-24,2024-05-30,6,0.0024269696722285516,-7.303032777144841e-05,0.2
INFY,2024-05-29,2024-05-30,1,-0.016196362306032386,-0.018696362306032385,0.2
WIPRO,2024-05-29,2024-05-31,2,-0.027950170385757644,-0.030450170385757643,0.2
TCS,2024-05-30,2024-05-31,1,-0.01743811847626986,-0.019938118476269858,0.2
TECHM,2024-05-30,2024-05-31,1,-0.009993280045270447,-0.012493280045270448,0.2
TATASTEEL,2024-05-30,2024-05-31,1,0.018580480805627797,0.0160804808056278,0.2
INFY,2024-05-30,2024-06-03,4,0.004609055905160142,0.002109055905160142,0.2
HCLTECH,2024-06-03,2024-06-04,1,-0.008292379118342796,-0.010792379118342797,0.2
INFY,2024-06-03,2024-06-04,1,-0.008713349070301746,-0.011213349070301746,0.2
TITAN,2024-06-03,2024-06-04,1,-0.006822626476907123,-0.009322626476907124,0.2
TATASTEEL,2024-06-03,2024-06-04,1,-0.08780494538439176,-0.09030494538439177,0.2
HCLTECH,2024-06-04,2024-06-05,1,0.030800448190685392,0.028300448190685393,0.2
INFY,2024-06-04,2024-06-05,1,0.026154288870128273,0.023654288870128274,0.2
BHARTIARTL,2024-06-04,2024-06-05,1,0.034354079871971255,0.03185407987197125,0.2
ASIANPAINT,2024-06-04,2024-06-05,1,0.036428539299246276,0.033928539299246274,0.2
INFY,2024-06-05,2024-06-06,1,0.02947353170315692,0.02697353170315692,0.2
BHARTIARTL,2024-06-05,2024-06-06,1,0.019526319840633244,0.017026319840633245,0.2
TATASTEEL,2024-06-05,2024-06-06,1,0.0168441288723844,0.0143441288723844,0.2
AXISBANK,2024-06-04,2024-06-10,6,0.04707189013229596,0.044571890132295955,0.2
TECHM,2024-06-06,2024-06-10,4,0.04565625098587822,0.04315625098587822,0.2
BHARTIARTL,2024-06-06,2024-06-11,5,0.041332190510005695,0.03883219051000569,0.2
TATASTEEL,2024-06-07,2024-06-11,4,0.007769708687340282,0.005269708687340282,0.2
TITAN,2024-06-06,2024-06-13,7,0.03684916476306266,0.034349164763062656,0.2
TATASTEEL,2024-06-11,2024-06-14,3,0.010036918431046038,0.0075369184310460375,0.2
TITAN,2024-06-13,2024-06-14,1,0.016660896570368955,0.014160896570368954,0.2
BHARTIARTL,2024-06-11,2024-06-19,8,0.007812180882934339,0.005312180882934338,0.2
TATASTEEL,2024-06-19,2024-06-21,2,0.019694306003331885,0.017194306003331886,0.2
ASIANPAINT,2024-06-19,2024-06-24,5,0.0015043874976661264,-0.0009956125023338736,0.2
MARUTI,2024-06-19,2024-06-24,5,-0.004794947597357435,-0.007294947597357436,0.2
TCS,2024-06-24,2024-06-25,1,0.005672358956197554,0.003172358956197554,0.2
BHARTIARTL,2024-06-19,2024-06-26,7,0.016231482600933322,0.013731482600933322,0.2
ASIANPAINT,2024-06-24,2024-06-26,2,-0.011291138436629322,-0.013791138436629323,0.2
TCS,2024-06-25,2024-06-26,1,0.004533084059944903,0.002033084059944903,0.2
LT,2024-06-13,2024-06-27,14,-0.030699372107674927,-0.03319937210767493,0.2
MARUTI,2024-06-24,2024-06-27,3,-0.0054829046292095285,-0.007982904629209529,0.2
TCS,2024-06-26,2024-06-27,1,0.020306825721764232,0.017806825721764234,0.2
ASIANPAINT,2024-06-26,2024-06-27,1,0.006111575293042959,0.003611575293042959,0.2
WIPRO,2024-06-26,2024-06-27,1,0.031502408925356606,0.029002408925356608,0.2
LT,2024-06-27,2024-06-28,1,-0.004474838985852214,-0.006974838985852215,0.2
TITAN,2024-06-27,2024-06-28,1,0.006980968521644648,0.004480968521644648,0.2
WIPRO,2024-06-27,2024-06-28,1,0.00792868732047669,0.00542868732047669,0.2
TITAN,2024-06-28,2024-07-01,3,0.008004810324098166,0.005504810324098166,0.2
MARUTI,2024-06-28,2024-07-01,3,0.0062157971139178425,0.0037157971139178425,0.2
WIPRO,2024-06-28,2024-07-01,3,0.02427889821469975,0.021778898214699752,0.2
TITAN,2024-07-03,2024-07-04,1,-0.007216727065976425,-0.009716727065976425,0.2
ASIANPAINT,2024-06-27,2024-07-09,12,0.008382949800551431,0.005882949800551431,0.2
ASIANPAINT,2024-07-09,2024-07-10,1,0.03148025879398131,0.02898025879398131,0.2
LT,2024-07-09,2024-07-11,2,-0.004377993133700908,-0.006877993133700909,0.2
TITAN,2024-07-10,2024-07-11,1,0.007317863031526484,0.004817863031526483,0.2
ASIANPAINT,2024-07-10,2024-07-11,1,0.008543393449506498,0.006043393449506497,0.2
ASIANPAINT,2024-07-11,2024-07-12,1,-0.007577613545389883,-0.010077613545389883,0.2
BHARTIARTL,2024-07-09,2024-07-15,6,0.006617665824904417,0.004117665824904417,0.2
TITAN,2024-07-11,2024-07-16,5,-0.004478853664322213,-0.006978853664322214,0.2
WIPRO,2024-07-11,2024-07-16,5,0.04793112051196036,0.045431120511960355,0.2
BHARTIARTL,2024-07-15,2024-07-16,1,0.020102963057160972,0.017602963057160973,0.2
LT,2024-07-15,2024-07-19,4,-0.004121468013257967,-0.006621468013257968,0.2
TITAN,2024-07-16,2024-07-22,6,0.00630782809894459,0.00380782809894459,0.2
ASIANPAINT,2024-07-16,2024-07-22,6,-0.01349823848394971,-0.015998238483949708,0.2
BHARTIARTL,2024-07-16,2024-07-24,8,-0.0005455799834266362,-0.003045579983426636,0.2
LT,2024-07-23,2024-07-24,1,-0.0052571586492941025,-0.007757158649294103,0.2
ASIANPAINT,2024-07-23,2024-07-25,2,0.0014841765482356273,-0.0010158234517643728,0.2
LT,2024-07-24,2024-07-25,1,0.028328305256011044,0.025828305256011045,0.2
BHARTIARTL,2024-07-24,2024-07-25,1,-0.004157562244139212,-0.006657562244139213,0.2
BHARTIARTL,2024-07-29,2024-07-30,1,-0.007425687145530935,-0.009925687145530935,0.2
ASIANPAINT,2024-07-29,2024-07-30,1,0.01704067336432291,0.014540673364322911,0.2
BHARTIARTL,2024-07-30,2024-07-31,1,0.014418497916414141,0.011918497916414141,0.2
ASIANPAINT,2024-07-30,2024-07-31,1,0.026422225346339534,0.023922225346339535,0.2
LT,2024-07-30,2024-07-31,1,0.008019240708482256,0.005519240708482255,0.2
LT,2024-07-31,2024-08-01,1,-0.009357795782945821,-0.011857795782945822,0.2
BHARTIARTL,2024-07-31,2024-08-01,1,0.366112780880935,0.363612780880935,0.2
TITAN,2024-07-29,2024-08-02,4,0.014845976936913585,0.012345976936913585,0.2
BHARTIARTL,2024-08-01,2024-08-02,1,-0.007771421994116845,-0.010271421994116845,0.2
INFY,2024-08-08,2024-08-09,1,0.015833330112611677,0.013333330112611676,0.2
TECHM,2024-08-08,2024-08-12,4,0.38650431160037413,0.3840043116003741,0.2
TITAN,2024-08-08,2024-08-12,4,0.007386596489617148,0.004886596489617147,0.2
AXISBANK,2024-08-09,2024-08-13,4,0.018858140995361206,0.016358140995361207,0.2
TITAN,2024-08-12,2024-08-13,1,0.018880735594266396,0.016380735594266397,0.2
TITAN,2024-08-13,2024-08-14,1,0.005497111693209433,0.0029971116932094332,0.2
TECHM,2024-08-13,2024-08-14,1,0.013968330717631705,0.011468330717631705,0.2
BHARTIARTL,2024-08-13,2024-08-14,1,0.00822086760767804,0.005720867607678039,0.2
BHARTIARTL,2024-08-14,2024-08-19,5,-0.0013928323290995914,-0.0038928323290995915,0.2
TECHM,2024-08-14,2024-08-19,5,0.046083761116341826,0.043583761116341824,0.2
LT,2024-08-19,2024-08-20,1,0.004964741298134179,0.0024647412981341787,0.2
BHARTIARTL,2024-08-19,2024-08-20,1,-0.013948922740870562,-0.01644892274087056,0.2
ASIANPAINT,2024-08-19,2024-08-21,2,0.008744231509591804,0.006244231509591804,0.2
BHARTIARTL,2024-08-20,2024-08-21,1,0.009867819766828712,0.007367819766828711,0.2
BHARTIARTL,2024-08-21,2024-08-22,1,0.015647912094935545,0.013147912094935545,0.2
BHARTIARTL,2024-08-22,2024-08-23,1,0.013724954826950242,0.011224954826950241,0.2
HCLTECH,2024-08-22,2024-08-23,1,-0.008770099117823782,-0.011270099117823782,0.2
LT,2024-08-20,2024-08-26,6,0.00723540770701292,0.004735407707012919,0.2
BHARTIARTL,2024-08-23,2024-08-26,3,0.004513043622466295,0.002013043622466295,0.2
SBIN,2024-08-27,2024-08-28,1,-0.007966685214899627,-0.010466685214899627,0.2
LT,2024-08-26,2024-08-29,3,0.011408864441923239,0.008908864441923238,0.2
ITC,2024-08-27,2024-08-29,2,-0.006592047951405222,-0.009092047951405223,0.2
ASIANPAINT,2024-08-27,2024-08-30,3,-0.012443885636549523,-0.014943885636549524,0.2
WIPRO,2024-08-28,2024-08-30,2,0.007108202399704444,0.004608202399704444,0.2
LT,2024-08-29,2024-08-30,1,0.005755485298669649,0.003255485298669649,0.2
ITC,2024-08-29,2024-08-30,1,-0.006335433149346148,-0.008835433149346148,0.2
TITAN,2024-08-30,2024-09-02,3,0.006283107010015998,0.003783107010015998,0.2
LT,2024-08-30,2024-09-04,5,-0.014535752679553204,-0.017035752679553203,0.2
ITC,2024-08-30,2024-09-04,5,0.008866360139139218,0.006366360139139217,0.2
RELIANCE,2024-09-02,2024-09-04,2,-0.001121187056695172,-0.003621187056695172,0.2
LT,2024-09-04,2024-09-05,1,-0.007299853403559542,-0.009799853403559542,0.2
RELIANCE,2024-09-04,2024-09-05,1,-0.014245210205861891,-0.01674521020586189,0.2
ITC,2024-09-04,2024-09-06,2,0.009578354984248083,0.007078354984248083,0.2
TITAN,2024-09-04,2024-09-09,5,0.03191789531399958,0.02941789531399958,0.2
LT,2024-09-05,2024-09-09,4,-0.012651155694104244,-0.015151155694104244,0.2
TCS,2024-09-05,2024-09-09,4,-0.0058983098340341655,-0.008398309834034166,0.2
LT,2024-09-10,2024-09-11,1,-0.01646200791518282,-0.018962007915182818,0.2
LT,2024-09-11,2024-09-13,2,0.021501542273853147,0.019001542273853148,0.2
ITC,2024-09-06,2024-09-16,10,0.025214233010222742,0.022714233010222743,0.2
NTPC,2024-09-13,2024-09-16,3,0.024165383552334108,0.02166538355233411,0.2
NTPC,2024-09-16,2024-09-17,1,0.01264896737841048,0.01014896737841048,0.2
MARUTI,2024-09-12,2024-09-18,6,-0.015865869383811293,-0.01836586938381129,0.2
TECHM,2024-09-13,2024-09-19,6,-0.0027173513778910863,-0.005217351377891087,0.2
ITC,2024-09-16,2024-09-19,3,-0.10356662173449926,-0.10606662173449927,0.2
HCLTECH,2024-09-18,2024-09-19,1,-0.011386207623891864,-0.013886207623891865,0.2
INFY,2024-09-19,2024-09-20,1,0.006097603940411034,0.0035976039404110338,0.2
ITC,2024-09-19,2024-09-20,1,0.012100293729824907,0.009600293729824906,0.2
TITAN,2024-09-16,2024-09-23,7,0.00715114760472968,0.004651147604729679,0.2
LT,2024-09-18,2024-09-25,7,-0.012531959409551319,-0.01503195940955132,0.2
TITAN,2024-09-25,2024-09-26,1,0.005431780664016506,0.0029317806640165056,0.2
TECHM,2024-09-19,2024-09-27,8,0.01673626174421794,0.014236261744217939,0.2
INFY,2024-09-20,2024-09-27,7,0.0005246639059446334,-0.0019753360940553666,0.2
NTPC,2024-09-26,2024-09-27,1,-0.1357660541414092,-0.1382660541414092,0.2
HCLTECH,2024-09-23,2024-09-30,7,0.017714451228511674,0.015214451228511673,0.2
WIPRO,2024-09-24,2024-09-30,6,0.14573956635680885,0.14323956635680885,0.2
INFY,2024-09-27,2024-09-30,3,-0.016336650395680774,-0.018836650395680773,0.2
TCS,2024-09-27,2024-10-01,4,-0.0093300927012826,-0.0118300927012826,0.2
INFY,2024-09-30,2024-10-01,1,0.015328358024856215,0.012828358024856214,0.2
TECHM,2024-09-30,2024-10-01,1,0.0305605739540864,0.028060573954086402,0.2
LT,2024-09-30,2024-10-01,1,-0.005999084737658422,-0.008499084737658423,0.2
INFY,2024-10-01,2024-10-04,3,0.007246566418181111,0.00474656641818111,0.2
TCS,2024-10-01,2024-10-04,3,-0.008314149755842548,-0.010814149755842549,0.2
TITAN,2024-10-01,2024-10-04,3,-0.028032634484627228,-0.030532634484627227,0.2
ITC,2024-10-01,2024-10-07,6,-0.024505968478934936,-0.027005968478934935,0.2
ITC,2024-10-07,2024-10-08,1,-0.004410069981271136,-0.006910069981271137,0.2
TITAN,2024-10-07,2024-10-09,2,-0.026690850943651978,-0.029190850943651977,0.2
LT,2024-10-07,2024-10-09,2,0.01846694725214193,0.01596694725214193,0.2
KOTAKBANK,2024-10-07,2024-10-09,2,0.005893043911072926,0.003393043911072926,0.2
TITAN,2024-10-10,2024-10-11,1,0.007875791063372217,0.005375791063372217,0.2
LT,2024-10-10,2024-10-11,1,0.006415537034805574,0.0039155370348055735,0.2
NTPC,2024-10-07,2024-10-14,7,0.01323860816788236,0.01073860816788236,0.2
BHARTIARTL,2024-10-10,2024-10-14,4,0.0055420572867761475,0.0030420572867761475,0.2
ASIANPAINT,2024-10-10,2024-10-15,5,-0.0065216324986345775,-0.009021632498634578,0.2
TITAN,2024-10-11,2024-10-15,4,0.009814678736396631,0.007314678736396631,0.2
TECHM,2024-10-11,2024-10-15,4,0.027594843713906858,0.02509484371390686,0.2
NTPC,2024-10-14,2024-10-15,1,0.004947041042003386,0.002447041042003386,0.2
NTPC,2024-10-15,2024-10-16,1,-0.00550863398787127,-0.00800863398787127,0.2
LT,2024-10-15,2024-10-16,1,-0.00543368804725286,-0.00793368804725286,0.2
ICICIBANK,2024-10-14,2024-10-17,3,0.019281484811147775,0.016781484811147777,0.2
INFY,2024-10-16,2024-10-17,1,0.02499863293432525,0.02249863293432525,0.2
NTPC,2024-10-16,2024-10-17,1,-0.015321220448064499,-0.017821220448064497,0.2
TITAN,2024-10-17,2024-10-18,1,-0.006434889572073943,-0.008934889572073943,0.2
LT,2024-10-16,2024-10-21,5,0.015003108644780383,0.012503108644780382,0.2
TCS,2024-10-17,2024-10-21,4,0.005867301762851218,0.003367301762851218,0.2
NTPC,2024-10-17,2024-10-21,4,0.017354917540891135,0.014854917540891134,0.2
RELIANCE,2024-10-18,2024-10-21,3,0.00728314415293152,0.0047831441529315195,0.2
ICICIBANK,2024-10-18,2024-10-21,3,-0.004309951089876196,-0.006809951089876197,0.2
TCS,2024-10-21,2024-10-22,1,-0.015772600770216583,-0.01827260077021658,0.2
ICICIBANK,2024-10-21,2024-10-22,1,0.0067113733313279855,0.004211373331327985,0.2
TCS,2024-10-22,2024-10-23,1,0.01263848010004831,0.01013848010004831,0.2
LT,2024-10-22,2024-10-24,2,-0.019718667609235463,-0.02221866760923546,0.2
NTPC,2024-10-21,2024-10-25,4,-0.02176474773303272,-0.024264747733032718,0.2
RELIANCE,2024-10-21,2024-10-25,4,-0.02147232866270088,-0.023972328662700878,0.2
TCS,2024-10-23,2024-10-25,2,-0.0021395341658086986,-0.004639534165808699,0.2
LT,2024-10-24,2024-10-25,1,-0.03376757719923984,-0.03626757719923984,0.2
RELIANCE,2024-10-30,2024-10-31,1,-0.008817617250716503,-0.011317617250716503,0.2
TCS,2024-10-30,2024-11-01,2,-0.02459204695117201,-0.027092046951172007,0.2
LT,2024-10-30,2024-11-01,2,0.06396055005623169,0.06146055005623169,0.2
RELIANCE,2024-10-31,2024-11-01,1,0.004954757886029615,0.002454757886029615,0.2
INFY,2024-10-30,2024-11-04,5,-0.021336243361038898,-0.023836243361038897,0.2
HCLTECH,2024-10-31,2024-11-04,4,-0.0017553326839274686,-0.004255332683927469,0.2
HCLTECH,2024-11-04,2024-11-05,1,0.006012680542220261,0.003512680542220261,0.2
INFY,2024-11-04,2024-11-05,1,-0.005358261303711198,-0.007858261303711199,0.2
NTPC,2024-11-04,2024-11-05,1,0.005362228756040643,0.0028622287560406434,0.2
AXISBANK,2024-11-04,2024-11-05,1,0.028483607150717738,0.02598360715071774,0.2
RELIANCE,2024-11-05,2024-11-06,1,0.015360433017061581,0.01286043301706158,0.2
INFY,2024-11-05,2024-11-07,2,0.039619277216506044,0.03711927721650604,0.2
RELIANCE,2024-11-06,2024-11-07,1,-0.014863959263466286,-0.017363959263466285,0.2
HCLTECH,2024-11-05,2024-11-08,3,0.03605771635302446,0.03355771635302446,0.2
TCS,2024-11-05,2024-11-08,3,0.044229300564400775,0.04172930056440077,0.2
AXISBANK,2024-11-06,2024-11-08,2,-0.0047578459893617975,-0.007257845989361798,0.2
INFY,2024-11-07,2024-11-08,1,0.014919115225296764,0.012419115225296764,0.2
RELIANCE,2024-11-07,2024-11-08,1,-0.016773335904044617,-0.019273335904044616,0.2
INFY,2024-11-08,2024-11-11,3,0.01647583062014446,0.01397583062014446,0.2
TCS,2024-11-08,2024-11-12,4,0.012153361971973364,0.009653361971973364,0.2
NTPC,2024-11-11,2024-11-13,2,-0.028531356129010588,-0.031031356129010586,0.2
BHARTIARTL,2024-11-08,2024-11-14,6,-0.01235753585992827,-0.01485753585992827,0.2
TCS,2024-11-12,2024-11-14,2,-0.012269596147267414,-0.014769596147267415,0.2
HCLTECH,2024-11-08,2024-11-19,11,0.01923805970180248,0.01673805970180248,0.2
INFY,2024-11-11,2024-11-19,8,0.0023923739170903513,-0.00010762608290964875,0.2
NTPC,2024-11-13,2024-11-19,6,-0.023207159879201078,-0.025707159879201077,0.2
TCS,2024-11-14,2024-11-19,5,-0.0256517607313117,-0.0281517607313117,0.2
LT,2024-11-14,2024-11-19,5,-0.005771044985136142,-0.008271044985136143,0.2
INFY,2024-11-19,2024-11-22,3,0.042471557850190855,0.03997155785019085,0.2
NTPC,2024-11-19,2024-11-22,3,-0.003408700592693048,-0.0059087005926930485,0.2
HCLTECH,2024-11-19,2024-11-25,6,0.03908146509452304,0.036581465094523036,0.2
INFY,2024-11-22,2024-11-25,3,-0.006597419333013721,-0.009097419333013721,0.2
ASIANPAINT,2024-11-19,2024-11-26,7,-0.004630322381798946,-0.007130322381798946,0.2
NTPC,2024-11-22,2024-11-26,4,0.0080722282644492,0.005572228264449199,0.2
TCS,2024-11-19,2024-11-27,8,0.05076076548138175,0.04826076548138175,0.2
INFY,2024-11-25,2024-11-27,2,0.01841560130725539,0.015915601307255393,0.2
HCLTECH,2024-11-25,2024-11-27,2,0.004149779884291327,0.0016497798842913269,0.2
ASIANPAINT,2024-11-26,2024-11-27,1,-0.005229518981585302,-0.007729518981585302,0.2
ASIANPAINT,2024-11-27,2024-11-28,1,-0.013584010860236195,-0.016084010860236194,0.2
INFY,2024-11-27,2024-12-02,5,-0.02322674939729874,-0.02572674939729874,0.2
HCLTECH,2024-11-27,2024-12-02,5,-0.010338295563122046,-0.012838295563122047,0.2
TCS,2024-11-28,2024-12-02,4,0.007479651740569748,0.004979651740569748,0.2
NTPC,2024-11-26,2024-12-03,7,0.02115301608914888,0.01865301608914888,0.2
ASIANPAINT,2024-11-28,2024-12-03,5,0.004617399016483281,0.002117399016483281,0.2
INFY,2024-12-02,2024-12-04,2,0.005027048432978409,0.0025270484329784093,0.2
HCLTECH,2024-12-02,2024-12-04,2,0.01397280863751238,0.011472808637512379,0.2
NTPC,2024-12-03,2024-12-04,1,0.014423708850609396,0.011923708850609395,0.2
ASIANPAINT,2024-12-03,2024-12-05,2,-0.0069652182794155415,-0.009465218279415542,0.2
INFY,2024-12-04,2024-12-05,1,0.02413657323034113,0.02163657323034113,0.2
HCLTECH,2024-12-04,2024-12-06,2,0.013200438245751789,0.010700438245751788,0.2
ASIANPAINT,2024-12-05,2024-12-06,1,-0.009175415220873617,-0.011675415220873618,0.2
INFY,2024-12-05,2024-12-09,4,-0.00578855248512522,-0.00828855248512522,0.2
RELIANCE,2024-12-06,2024-12-09,3,-0.01250425525373633,-0.01500425525373633,0.2
NTPC,2024-12-04,2024-12-10,6,-0.00965794257418684,-0.01215794257418684,0.2
ASIANPAINT,2024-12-06,2024-12-10,4,-0.016792296742589086,-0.019292296742589084,0.2
RELIANCE,2024-12-09,2024-12-10,1,-0.007952846338872943,-0.010452846338872944,0.2
INFY,2024-12-09,2024-12-11,2,0.012944166383218159,0.010444166383218158,0.2
ASIANPAINT,2024-12-10,2024-12-11,1,0.011888384879383818,0.009388384879383817,0.2
NTPC,2024-12-10,2024-12-11,1,-0.009887495902832666,-0.012387495902832666,0.2
BHARTIARTL,2024-12-10,2024-12-12,2,0.004655797602900691,0.002155797602900691,0.2
INFY,2024-12-11,2024-12-12,1,0.006509103009940231,0.004009103009940231,0.2
ASIANPAINT,2024-12-11,2024-12-12,1,-0.01147970942039711,-0.013979709420397111,0.2
NTPC,2024-12-11,2024-12-12,1,-0.02708620972880027,-0.02958620972880027,0.2
NTPC,2024-12-12,2024-12-13,1,0.004358790578314231,0.001858790578314231,0.2
ASIANPAINT,2024-12-12,2024-12-16,4,0.0053148773604232424,0.0028148773604232424,0.2
LT,2024-12-12,2024-12-16,4,0.004650390173378982,0.002150390173378982,0.2
NTPC,2024-12-13,2024-12-16,3,-0.011899762796685254,-0.014399762796685254,0.2
BHARTIARTL,2024-12-13,2024-12-16,3,-0.011416649899576137,-0.013916649899576137,0.2
ASIANPAINT,2024-12-16,2024-12-17,1,-0.01925291890510261,-0.02175291890510261,0.2
NTPC,2024-12-16,2024-12-17,1,-0.010909637374105552,-0.013409637374105552,0.2
SUNPHARMA,2024-12-16,2024-12-17,1,-0.011465394995105238,-0.013965394995105239,0.2
ITC,2024-12-12,2024-12-18,6,0.021493786083778943,0.018993786083778944,0.2
TITAN,2024-12-16,2024-12-18,2,-0.010557873118350991,-0.013057873118350992,0.2
NTPC,2024-12-17,2024-12-18,1,-0.020913913379428717,-0.023413913379428716,0.2
SUNPHARMA,2024-12-17,2024-12-18,1,0.006707475571149812,0.004207475571149812,0.2
ASIANPAINT,2024-12-17,2024-12-18,1,-0.004477925391652038,-0.006977925391652038,0.2
ASIANPAINT,2024-12-18,2024-12-19,1,-0.02285259394059691,-0.02535259394059691,0.2
TATASTEEL,2024-12-18,2024-12-19,1,-0.008306906312959716,-0.010806906312959717,0.2
NTPC,2024-12-18,2024-12-23,5,-0.012728526938103779,-0.01522852693810378,0.2
TITAN,2024-12-23,2024-12-24,1,-0.012820354783995347,-0.015320354783995347,0.2
SUNPHARMA,2024-12-18,2024-12-27,9,0.01235389396224873,0.00985389396224873,0.2
NTPC,2024-12-23,2024-12-27,4,0.004046082863851552,0.0015460828638515522,0.2
TATASTEEL,2024-12-23,2024-12-27,4,-0.01975866352587563,-0.02225866352587563,0.2
TITAN,2024-12-24,2024-12-27,3,-0.013180580873242365,-0.015680580873242363,0.2
TCS,2024-12-23,2024-12-30,7,0.00012031446303573112,-0.002379685536964269,0.2
NTPC,2024-12-27,2024-12-30,3,-0.010746263256025346,-0.013246263256025346,0.2
INFY,2024-12-27,2024-12-30,3,-0.005608470493319251,-0.008108470493319251,0.2
TCS,2024-12-30,2024-12-31,1,-0.01538905913347477,-0.017889059133474768,0.2
MARUTI,2024-12-30,2024-12-31,1,0.005505168322406773,0.0030051683224067726,0.2
SUNPHARMA,2024-12-27,2025-01-01,5,0.015419689171643602,0.012919689171643602,0.2
TITAN,2024-12-27,2025-01-01,5,-0.016726070079105204,-0.019226070079105203,0.2
NTPC,2024-12-30,2025-01-01,2,0.0067894463863087395,0.004289446386308739,0.2
TCS,2024-12-31,2025-01-01,1,0.004310355116675435,0.001810355116675435,0.2
ASIANPAINT,2024-12-31,2025-01-01,1,0.010213144880819591,0.007713144880819591,0.2
NTPC,2025-01-01,2025-01-03,2,0.018582367612711703,0.016082367612711704,0.2
ASIANPAINT,2025-01-01,2025-01-03,2,0.013581257810681535,0.011081257810681535,0.2
TCS,2025-01-01,2025-01-06,5,-0.004243193355301322,-0.006743193355301323,0.2
ASIANPAINT,2025-01-03,2025-01-06,3,-0.029452741910673486,-0.03195274191067349,0.2
HDFCBANK,2025-01-03,2025-01-07,4,-0.020466479157590367,-0.022966479157590366,0.2
NTPC,2025-01-03,2025-01-07,4,-0.033102982308555684,-0.035602982308555686,0.2
TCS,2025-01-06,2025-01-07,1,-0.01628818400938059,-0.01878818400938059,0.2
ASIANPAINT,2025-01-06,2025-01-07,1,0.01122562782640757,0.008725627826407569,0.2
HDFCBANK,2025-01-07,2025-01-08,1,-0.011147322372425217,-0.013647322372425217,0.2
TCS,2025-01-07,2025-01-08,1,0.019884259699737283,0.017384259699737285,0.2
INFY,2025-01-01,2025-01-09,8,0.02690568828463613,0.024405688284636132,0.2
NTPC,2025-01-07,2025-01-09,2,-0.009738215217723445,-0.012238215217723445,0.2
TCS,2025-01-08,2025-01-09,1,-0.016928712081165087,-0.019428712081165086,0.2
HDFCBANK,2025-01-08,2025-01-13,5,-0.01564069391746048,-0.01814069391746048,0.2
INFY,2025-01-09,2025-01-13,4,0.023418264065709682,0.020918264065709683,0.2
TCS,2025-01-09,2025-01-13,4,0.06245602356754487,0.05995602356754487,0.2
NTPC,2025-01-09,2025-01-13,4,-0.0691429844565673,-0.0716429844565673,0.2
BHARTIARTL,2025-01-09,2025-01-14,5,-0.004324741576718583,-0.006824741576718583,0.2
NTPC,2025-01-13,2025-01-14,1,0.04091193708557905,0.03841193708557905,0.2
SUNPHARMA,2025-01-13,2025-01-14,1,0.013709954333516183,0.011209954333516183,0.2
HDFCBANK,2025-01-13,2025-01-16,3,0.0074807995845154185,0.004980799584515418,0.2
HDFCBANK,2025-01-16,2025-01-17,1,-0.00926129443639978,-0.011761294436399781,0.2
ASIANPAINT,2025-01-16,2025-01-20,4,0.02049103136590924,0.01799103136590924,0.2
HDFCBANK,2025-01-17,2025-01-20,3,0.008859033576189779,0.006359033576189778,0.2
NTPC,2025-01-17,2025-01-20,3,0.03035416352509035,0.02785416352509035,0.2
INFY,2025-01-16,2025-01-22,6,-0.05971106324369835,-0.06221106324369835,0.2
SBIN,2025-01-20,2025-01-22,2,-0.03310879793235666,-0.03560879793235666,0.2
HDFCBANK,2025-01-20,2025-01-23,3,0.008266503749184029,0.005766503749184028,0.2
BHARTIARTL,2025-01-20,2025-01-24,4,-0.003138041107520806,-0.005638041107520806,0.2
HDFCBANK,2025-01-23,2025-01-24,1,-0.009069579141326778,-0.011569579141326778,0.2
INFY,2025-01-22,2025-01-27,5,0.004847909433837394,0.002347909433837394,0.2
RELIANCE,2025-01-22,2025-01-27,5,-0.010531664616997616,-0.013031664616997616,0.2
HDFCBANK,2025-01-24,2025-01-27,3,-0.012122761937363835,-0.014622761937363836,0.2
SBIN,2025-01-24,2025-01-27,3,0.006786221067990095,0.004286221067990094,0.2
INFY,2025-01-27,2025-01-28,1,0.004253559112799898,0.0017535591127998983,0.2
BHARTIARTL,2025-01-27,2025-01-28,1,0.00982775581781814,0.00732775581781814,0.2
HDFCBANK,2025-01-27,2025-01-29,2,0.024911071740103097,0.022411071740103098,0.2
INFY,2025-01-28,2025-01-30,2,0.028145895061455484,0.025645895061455485,0.2
TATASTEEL,2025-01-28,2025-01-30,2,0.01943707437466169,0.01693707437466169,0.2
HDFCBANK,2025-01-29,2025-01-30,1,0.008466061806764458,0.005966061806764457,0.2
TCS,2025-01-28,2025-01-31,3,0.01784505408860393,0.015345054088603928,0.2
HDFCBANK,2025-01-30,2025-01-31,1,0.004286070071126691,0.0017860700711266908,0.2
INFY,2025-01-30,2025-01-31,1,0.010672455443871298,0.008172455443871298,0.2
BHARTIARTL,2025-01-30,2025-02-01,2,-0.010665819428803958,-0.013165819428803958,0.2
HDFCBANK,2025-01-31,2025-02-01,1,-0.004591581234390074,-0.007091581234390075,0.2
AXISBANK,2025-01-31,2025-02-01,1,0.0122199421079765,0.0097199421079765,0.2
INFY,2025-01-31,2025-02-01,1,-0.01513463307286711,-0.01763463307286711,0.2
NTPC,2025-01-31,2025-02-01,1,-0.019444409802265694,-0.021944409802265693,0.2
NTPC,2025-02-01,2025-02-03,2,-0.020302252345198335,-0.022802252345198334,0.2
WIPRO,2025-02-01,2025-02-03,2,0.02887143670582759,0.026371436705827592,0.2
TATASTEEL,2025-02-03,2025-02-04,1,0.012137645666071561,0.009637645666071561,0.2
ASIANPAINT,2025-02-03,2025-02-04,1,0.027091336314580605,0.024591336314580606,0.2
INFY,2025-02-01,2025-02-05,4,0.0064547795109743955,0.003954779510974395,0.2
NTPC,2025-02-03,2025-02-05,2,0.02682735694408489,0.02432735694408489,0.2
TATASTEEL,2025-02-04,2025-02-05,1,0.007345267725652027,0.004845267725652027,0.2
SUNPHARMA,2025-02-03,2025-02-06,3,0.014161758656267454,0.011661758656267453,0.2
RELIANCE,2025-02-04,2025-02-06,2,-0.0028399435615927837,-0.005339943561592784,0.2
NTPC,2025-02-05,2025-02-06,1,-0.021276685410457796,-0.023776685410457795,0.2
BHARTIARTL,2025-02-06,2025-02-07,1,0.03519063477848827,0.03269063477848827,0.2
NTPC,2025-02-06,2025-02-10,4,0.013267401548179514,0.010767401548179513,0.2
RELIANCE,2025-02-07,2025-02-10,3,-0.010302329044275305,-0.012802329044275305,0.2
BHARTIARTL,2025-02-07,2025-02-11,4,0.011927860821606462,0.009427860821606461,0.2
TATASTEEL,2025-02-10,2025-02-11,1,-0.029319550735597666,-0.03181955073559767,0.2
WIPRO,2025-02-10,2025-02-11,1,-0.018962444299164383,-0.02146244429916438,0.2
TATASTEEL,2025-02-11,2025-02-12,1,0.01667823072800312,0.014178230728003118,0.2
TECHM,2025-02-11,2025-02-13,2,0.0037146377406078734,0.0012146377406078734,0.2
ASIANPAINT,2025-02-05,2025-02-14,9,-0.002219610646191361,-0.004719610646191362,0.2
RELIANCE,2025-02-11,2025-02-14,3,-0.01425277773642264,-0.016752777736422638,0.2
NTPC,2025-02-13,2025-02-14,1,-0.020704410349461133,-0.023204410349461132,0.2
NTPC,2025-02-14,2025-02-17,3,0.006658908316974355,0.004158908316974354,0.2
ASIANPAINT,2025-02-14,2025-02-17,3,0.008761695615546294,0.006261695615546294,0.2
TATASTEEL,2025-02-12,2025-02-19,7,0.030012131204913306,0.027512131204913307,0.2
RELIANCE,2025-02-14,2025-02-19,5,0.008379544029405439,0.005879544029405439,0.2
NTPC,2025-02-17,2025-02-19,2,0.04117745781990312,0.038677457819903116,0.2
TECHM,2025-02-19,2025-02-20,1,-0.01657967097852653,-0.019079670978526527,0.2
BHARTIARTL,2025-02-14,2025-02-21,7,-0.04531029090879102,-0.04781029090879102,0.2
TCS,2025-02-17,2025-02-21,4,-0.030349586728315225,-0.03284958672831523,0.2
NTPC,2025-02-19,2025-02-21,2,0.03637235809438932,0.03387235809438932,0.2
SUNPHARMA,2025-02-20,2025-02-24,4,-0.017851774665779363,-0.020351774665779362,0.2
TCS,2025-02-21,2025-02-24,3,-0.02916007368923923,-0.03166007368923923,0.2
BHARTIARTL,2025-02-21,2025-02-24,3,-0.023150833300542684,-0.025650833300542682,0.2
NTPC,2025-02-21,2025-02-24,3,-0.018850523331214286,-0.021350523331214285,0.2
SUNPHARMA,2025-03-03,2025-03-04,1,-0.011734267153639788,-0.014234267153639788,0.2
BHARTIARTL,2025-03-03,2025-03-04,1,-0.012814926522318415,-0.015314926522318415,0.2
ITC,2025-03-03,2025-03-04,1,-0.006541686586003959,-0.009041686586003959,0.2
TATASTEEL,2025-03-03,2025-03-04,1,0.005556676762028312,0.003056676762028312,0.2
HCLTECH,2025-03-06,2025-03-10,4,-0.01734519229397491,-0.019845192293974908,0.2
SUNPHARMA,2025-03-10,2025-03-11,1,0.02717970818405635,0.02467970818405635,0.2
ICICIBANK,2025-03-10,2025-03-12,2,0.02395358859309904,0.02145358859309904,0.2
SUNPHARMA,2025-03-13,2025-03-18,5,0.012385275621880742,0.009885275621880742,0.2
WIPRO,2025-03-13,2025-03-18,5,-0.015719695309416637,-0.018219695309416636,0.2
ASIANPAINT,2025-03-13,2025-03-18,5,-0.005266020058300458,-0.007766020058300458,0.2
BHARTIARTL,2025-03-13,2025-03-19,6,0.0028483929882043846,0.00034839298820438453,0.2
SUNPHARMA,2025-03-18,2025-03-19,1,0.016458332218283855,0.013958332218283855,0.2
ASIANPAINT,2025-03-18,2025-03-20,2,0.030479104758224684,0.027979104758224686,0.2
TATASTEEL,2025-03-18,2025-03-20,2,0.04762529737072141,0.04512529737072141,0.2
TCS,2025-03-19,2025-03-20,1,0.018886970112590884,0.016386970112590885,0.2
BHARTIARTL,2025-03-19,2025-03-20,1,0.041596671604632096,0.039096671604632094,0.2
TCS,2025-03-20,2025-03-24,4,0.004195820950707585,0.001695820950707585,0.2
NTPC,2025-03-20,2025-03-25,5,0.027944304049916324,0.025444304049916325,0.2
TCS,2025-03-24,2025-03-25,1,0.007936164903851406,0.0054361649038514055,0.2
ITC,2025-03-06,2025-03-26,20,0.001232488676832677,-0.001267511323167323,0.2
BHARTIARTL,2025-03-24,2025-03-26,2,0.006807018925891306,0.004307018925891306,0.2
TCS,2025-03-25,2025-03-26,1,-0.006000965772660405,-0.008500965772660405,0.2
NTPC,2025-03-25,2025-03-26,1,-0.03351963223358434,-0.03601963223358434,0.2
HCLTECH,2025-03-25,2025-03-27,2,0.0032309023277019566,0.0007309023277019566,0.2
TCS,2025-03-26,2025-03-27,1,0.0042357759921747284,0.0017357759921747284,0.2
NTPC,2025-03-26,2025-03-27,1,0.016918114516923044,0.014418114516923044,0.2
SUNPHARMA,2025-03-26,2025-03-28,2,-0.013786613530861636,-0.016286613530861634,0.2
ITC,2025-03-26,2025-03-28,2,0.005891717959054743,0.003391717959054743,0.2
TCS,2025-03-27,2025-03-28,1,-0.012338491469615409,-0.01483849146961541,0.2
NTPC,2025-03-27,2025-03-28,1,-0.008456985174630782,-0.010956985174630783,0.2
TCS,2025-03-28,2025-04-02,5,-0.017248267468755518,-0.019748267468755517,0.2
SUNPHARMA,2025-03-28,2025-04-02,5,-0.012134624795959503,-0.014634624795959504,0.2
TCS,2025-04-02,2025-04-03,1,-0.03972969790856162,-0.042229697908561625,0.2
HCLTECH,2025-04-02,2025-04-03,1,-0.03760933101350816,-0.040109331013508165,0.2
ITC,2025-03-28,2025-04-04,7,-0.00012204615962330134,-0.0026220461596233014,0.2
HCLTECH,2025-04-03,2025-04-04,1,-0.03265087610916473,-0.03515087610916473,0.2
INFY,2025-04-03,2025-04-04,1,-0.029969894050942636,-0.03246989405094264,0.2
NTPC,2025-04-02,2025-04-07,5,0.020327028755774412,0.017827028755774414,0.2
TCS,2025-04-03,2025-04-07,4,-0.030486436354653645,-0.03298643635465365,0.2
INFY,2025-04-16,2025-04-17,1,0.004528978176036702,0.002028978176036702,0.2
HCLTECH,2025-04-16,2025-04-17,1,0.0044003447063176715,0.0019003447063176714,0.2
ITC,2025-04-16,2025-04-22,6,0.006596685778414102,0.0040966857784141015,0.2
INFY,2025-04-17,2025-04-22,5,0.002324890369439503,-0.00017510963056049716,0.2
TCS,2025-04-17,2025-04-22,5,0.004698366983461488,0.0021983669834614882,0.2
HCLTECH,2025-04-17,2025-04-22,5,0.029137844034135885,0.026637844034135886,0.2
ITC,2025-04-22,2025-04-24,2,-0.008187256984600433,-0.010687256984600433,0.2
INFY,2025-04-22,2025-04-24,2,0.0341579572872468,0.031657957287246796,0.2
SBIN,2025-04-22,2025-04-24,2,-0.010943622259172336,-0.013443622259172337,0.2
SUNPHARMA,2025-04-23,2025-04-29,6,0.036605566953916924,0.03410556695391692,0.2
MARUTI,2025-04-25,2025-04-29,4,0.012224304649006035,0.009724304649006034,0.2
NTPC,2025-04-25,2025-04-29,4,0.0014028332768147855,-0.0010971667231852145,0.2
INFY,2025-04-24,2025-04-30,6,0.019505193409786736,0.017005193409786738,0.2
SUNPHARMA,2025-04-29,2025-04-30,1,0.01484360294539755,0.012343602945397549,0.2
NTPC,2025-04-29,2025-04-30,1,-0.006723710534878968,-0.009223710534878969,0.2
BHARTIARTL,2025-04-29,2025-05-05,6,0.02231602925994758,0.01981602925994758,0.2
NTPC,2025-04-30,2025-05-05,5,-0.016781797320982172,-0.01928179732098217,0.2
SBIN,2025-04-30,2025-05-05,5,0.001711784797159277,-0.000788215202840723,0.2
SUNPHARMA,2025-04-30,2025-05-05,5,0.0023466811334491577,-0.0001533188665508423,0.2
SUNPHARMA,2025-05-05,2025-05-06,1,-0.009528447651728111,-0.012028447651728112,0.2
BHARTIARTL,2025-05-05,2025-05-07,2,0.016505909809927388,0.014005909809927388,0.2
NTPC,2025-05-05,2025-05-07,2,-0.01878955861478615,-0.02128955861478615,0.2
MARUTI,2025-05-05,2025-05-08,3,0.009873144244194387,0.007373144244194387,0.2
HCLTECH,2025-05-07,2025-05-08,1,0.011130261282249698,0.008630261282249698,0.2
ITC,2025-04-24,2025-05-09,15,-0.009882538011249165,-0.012382538011249165,0.2
TCS,2025-05-06,2025-05-09,3,-0.005693588090527668,-0.008193588090527669,0.2
NTPC,2025-05-07,2025-05-09,2,-0.005993260134978695,-0.008493260134978696,0.2
MARUTI,2025-05-08,2025-05-09,1,-0.011459002467511858,-0.013959002467511859,0.2
SUNPHARMA,2025-05-08,2025-05-09,1,-0.012675258205128714,-0.015175258205128715,0.2
NTPC,2025-05-09,2025-05-12,3,0.04122467903895455,0.038724679038954546,0.2
HCLTECH,2025-05-09,2025-05-12,3,0.0642920728860994,0.06179207288609939,0.2
MARUTI,2025-05-09,2025-05-12,3,0.029877551283533643,0.027377551283533644,0.2
ITC,2025-05-09,2025-05-12,3,0.028213935984195748,0.02571393598419575,0.2
INFY,2025-05-09,2025-05-12,3,0.07913246116155115,0.07663246116155115,0.2
ASIANPAINT,2025-05-14,2025-05-15,1,0.020856134559835704,0.018356134559835705,0.2
ITC,2025-05-14,2025-05-15,1,0.008273117208986935,0.005773117208986935,0.2
ASIANPAINT,2025-05-15,2025-05-16,1,0.010172124747332978,0.007672124747332977,0.2
SUNPHARMA,2025-05-14,2025-05-19,5,0.012879029075937298,0.010379029075937298,0.2
MARUTI,2025-05-14,2025-05-19,5,0.01826844916589465,0.015768449165894653,0.2
HCLTECH,2025-05-15,2025-05-19,4,-0.021285323824678626,-0.023785323824678625,0.2
ITC,2025-05-15,2025-05-20,5,0.005200577080774149,0.002700577080774149,0.2
ITC,2025-05-20,2025-05-21,1,-0.004368825854155545,-0.006868825854155545,0.2
SUNPHARMA,2025-05-20,2025-05-21,1,0.014053152789004875,0.011553152789004874,0.2
ASIANPAINT,2025-05-21,2025-05-22,1,-0.005708414324373856,-0.008208414324373857,0.2
ITC,2025-05-21,2025-05-23,2,-0.01593537792842925,-0.01843537792842925,0.2
ASIANPAINT,2025-05-22,2025-05-23,1,0.007089491684347582,0.0045894916843475814,0.2
SUNPHARMA,2025-05-22,2025-05-23,1,-0.020422405102437202,-0.0229224051024372,0.2
ITC,2025-05-23,2025-05-26,3,0.015127206367594903,0.012627206367594903,0.2
HCLTECH,2025-05-20,2025-05-28,8,0.00836228937694683,0.005862289376946829,0.2
MARUTI,2025-05-21,2025-05-28,7,-0.022512874778657932,-0.02501287477865793,0.2
SBIN,2025-05-23,2025-05-29,6,0.008665370760198243,0.006165370760198243,0.2
MARUTI,2025-05-28,2025-05-29,1,0.0049468684949518504,0.0024468684949518504,0.2
SUNPHARMA,2025-05-28,2025-05-29,1,0.020043207312619993,0.017543207312619994,0.2
HCLTECH,2025-05-28,2025-05-29,1,0.004465017186129128,0.0019650171861291276,0.2
ITC,2025-05-26,2025-06-02,7,-0.03584188663890964,-0.03834188663890964,0.2
MARUTI,2025-05-29,2025-06-02,4,-0.008231067326369135,-0.010731067326369135,0.2
TECHM,2025-05-30,2025-06-03,4,-0.019124431502141936,-0.021624431502141935,0.2
AXISBANK,2025-06-03,2025-06-04,1,-0.008886951283081146,-0.011386951283081146,0.2
ITC,2025-06-02,2025-06-05,3,-0.005485308914682685,-0.007985308914682685,0.2
MARUTI,2025-06-02,2025-06-05,3,-0.013344195803330683,-0.01584419580333068,0.2
TECHM,2025-06-03,2025-06-05,2,0.012307275498659287,0.009807275498659286,0.2
HCLTECH,2025-05-29,2025-06-06,8,-0.016219094637470732,-0.01871909463747073,0.2
AXISBANK,2025-06-05,2025-06-06,1,0.030716115171356417,0.02821611517135642,0.2
ITC,2025-06-05,2025-06-06,1,0.00465283153190188,0.0021528315319018798,0.2
HDFCBANK,2025-06-04,2025-06-09,5,0.004327216191786665,0.0018272161917866647,0.2
ITC,2025-06-06,2025-06-09,3,0.0047500508741085135,0.0022500508741085134,0.2
HCLTECH,2025-06-06,2025-06-09,3,0.006472488206964888,0.003972488206964888,0.2
TECHM,2025-06-06,2025-06-09,3,0.005091961986284588,0.0025919619862845877,0.2
HCLTECH,2025-06-09,2025-06-10,1,0.012012393867205207,0.009512393867205206,0.2
TECHM,2025-06-09,2025-06-10,1,0.02013803278033821,0.017638032780338212,0.2
ITC,2025-06-09,2025-06-11,2,0.0073276942358180275,0.004827694235818027,0.2
ASIANPAINT,2025-06-10,2025-06-11,1,-0.004551790014427071,-0.007051790014427071,0.2
HCLTECH,2025-06-10,2025-06-11,1,0.06367332335598119,0.06117332335598119,0.2
TECHM,2025-06-10,2025-06-11,1,0.016512453285121742,0.014012453285121742,0.2
ASIANPAINT,2025-06-11,2025-06-13,2,0.0024447736763277828,-5.52263236722173e-05,0.2
BHARTIARTL,2025-06-11,2025-06-13,2,-0.010644026568874532,-0.013144026568874532,0.2
HCLTECH,2025-06-11,2025-06-13,2,-0.015448034568057545,-0.017948034568057544,0.2
MARUTI,2025-06-11,2025-06-13,2,-0.003533524364931928,-0.006033524364931929,0.2
HDFCBANK,2025-06-12,2025-06-13,1,-0.013275712617410118,-0.015775712617410117,0.2
MARUTI,2025-06-13,2025-06-16,3,0.009832339478644814,0.007332339478644813,0.2
ICICIBANK,2025-06-13,2025-06-17,4,0.005013696738104256,0.0025136967381042563,0.2
ASIANPAINT,2025-06-16,2025-06-17,1,0.008909550842868486,0.006409550842868485,0.2
ASIANPAINT,2025-06-17,2025-06-18,1,0.007329495066272562,0.004829495066272562,0.2
HDFCBANK,2025-06-13,2025-06-19,6,0.009230313830669301,0.006730313830669301,0.2
ICICIBANK,2025-06-17,2025-06-19,2,-0.008361321956142698,-0.010861321956142698,0.2
HCLTECH,2025-06-13,2025-06-23,10,0.02023233033596883,0.01773233033596883,0.2
MARUTI,2025-06-16,2025-06-23,7,0.005187525579368968,0.002687525579368968,0.2
HDFCBANK,2025-06-19,2025-06-23,4,0.006768914353923128,0.004268914353923127,0.2
HDFCBANK,2025-06-23,2025-06-24,1,0.00641556382065156,0.003915563820651559,0.2
WIPRO,2025-06-23,2025-06-24,1,0.00657196119249126,0.00407196119249126,0.2
ASIANPAINT,2025-06-23,2025-06-25,2,0.006978387034099365,0.004478387034099364,0.2
HDFCBANK,2025-06-24,2025-06-25,1,0.009842419828162141,0.007342419828162141,0.2
SUNPHARMA,2025-06-19,2025-06-27,8,0.008557888276631509,0.0060578882766315085,0.2
MARUTI,2025-06-23,2025-06-27,4,-0.006929669763500068,-0.009429669763500069,0.2
HDFCBANK,2025-06-25,2025-06-27,2,0.021008027701556742,0.018508027701556743,0.2
HCLTECH,2025-06-25,2025-06-30,5,0.006697382187679235,0.0041973821876792345,0.2
TCS,2025-06-27,2025-06-30,3,0.006073549600909445,0.0035735496009094447,0.2
SUNPHARMA,2025-06-27,2025-07-01,4,-0.007051444619228242,-0.009551444619228243,0.2
WIPRO,2025-06-24,2025-07-03,9,0.013397592625716825,0.010897592625716825,0.2
HCLTECH,2025-06-30,2025-07-03,3,-0.009660900918138315,-0.012160900918138316,0.2
TCS,2025-07-02,2025-07-03,1,-0.006572590178857918,-0.009072590178857918,0.2
ICICIBANK,2025-06-30,2025-07-04,4,-0.013764043390347536,-0.016264043390347534,0.2
SUNPHARMA,2025-07-01,2025-07-04,3,0.005458396629538731,0.002958396629538731,0.2
HCLTECH,2025-07-03,2025-07-04,1,0.008177954006979515,0.005677954006979515,0.2
TECHM,2025-07-03,2025-07-04,1,0.008100400035428557,0.005600400035428556,0.2
HCLTECH,2025-07-04,2025-07-08,4,-0.010313468475333432,-0.012813468475333432,0.2
ITC,2025-07-04,2025-07-08,4,0.011271481576945686,0.008771481576945685,0.2
ICICIBANK,2025-07-04,2025-07-08,4,-0.0005545269013328413,-0.0030545269013328414,0.2
SUNPHARMA,2025-07-04,2025-07-09,5,-0.0008379379475880189,-0.003337937947588019,0.2
TECHM,2025-07-08,2025-07-09,1,-0.012596339099146814,-0.015096339099146814,0.2
TCS,2025-07-08,2025-07-10,2,-0.007104718974275448,-0.009604718974275448,0.2
HCLTECH,2025-07-09,2025-07-10,1,-0.00615305614299011,-0.00865305614299011,0.2
SUNPHARMA,2025-07-09,2025-07-10,1,-0.004133295219770017,-0.006633295219770017,0.2
INFY,2025-07-10,2025-07-11,1,-0.012934826063437543,-0.015434826063437544,0.2
TCS,2025-07-10,2025-07-11,1,-0.03429920968638367,-0.03679920968638367,0.2
ITC,2025-07-08,2025-07-14,6,0.00539305509169874,0.0028930550916987396,0.2
INFY,2025-07-11,2025-07-14,3,-0.015424115781112913,-0.01792411578111291,0.2
SUNPHARMA,2025-07-10,2025-07-15,5,0.005714305562442457,0.0032143055624424565,0.2
TECHM,2025-07-11,2025-07-15,4,-0.014664571885435462,-0.01716457188543546,0.2
INFY,2025-07-14,2025-07-15,1,0.009743300992206327,0.007243300992206327,0.2
HCLTECH,2025-07-14,2025-07-16,2,-0.0351895256297482,-0.0376895256297482,0.2
TCS,2025-07-14,2025-07-16,2,0.006631818075532037,0.004131818075532036,0.2
INFY,2025-07-15,2025-07-16,1,0.01406414550396784,0.01156414550396784,0.2
HCLTECH,2025-07-16,2025-07-17,1,-0.012093644218976518,-0.014593644218976519,0.2
TECHM,2025-07-16,2025-07-17,1,-0.027489311821702667,-0.029989311821702665,0.2
HCLTECH,2025-07-17,2025-07-18,1,0.011032019717186037,0.008532019717186036,0.2
TCS,2025-07-17,2025-07-18,1,-0.006013970529810453,-0.008513970529810453,0.2
SUNPHARMA,2025-07-15,2025-07-21,6,-0.013950793675290396,-0.016450793675290395,0.2
INFY,2025-07-16,2025-07-21,5,-0.014677517558932207,-0.017177517558932206,0.2
HCLTECH,2025-07-18,2025-07-21,3,-0.01188013453744341,-0.01438013453744341,0.2
TCS,2025-07-18,2025-07-22,4,-0.009498653290433312,-0.011998653290433313,0.2
HCLTECH,2025-07-21,2025-07-22,1,-0.0067303295090218596,-0.00923032950902186,0.2
SBIN,2025-07-21,2025-07-22,1,0.14440702074458067,0.14190702074458067,0.2
INFY,2025-07-21,2025-07-23,2,-0.006185766213365196,-0.008685766213365196,0.2
SUNPHARMA,2025-07-21,2025-07-23,2,-0.005790973475099159,-0.00829097347509916,0.2
TCS,2025-07-22,2025-07-23,1,0.006171631594798832,0.003671631594798832,0.2
WIPRO,2025-07-22,2025-07-24,2,0.008278808911539315,0.005778808911539314,0.2
LT,2025-07-22,2025-07-24,2,0.0037233452577907222,0.0012233452577907222,0.2
INFY,2025-07-23,2025-07-24,1,-0.01397264429770384,-0.01647264429770384,0.2
TCS,2025-07-23,2025-07-25,2,-0.01362021036637484,-0.01612021036637484,0.2
HCLTECH,2025-07-24,2025-07-25,1,-0.011345531859116909,-0.013845531859116909,0.2
LT,2025-07-24,2025-07-25,1,-0.009949704574047202,-0.012449704574047203,0.2
TATASTEEL,2025-07-24,2025-07-25,1,-0.012539779210498425,-0.015039779210498426,0.2
HCLTECH,2025-07-25,2025-07-28,3,-0.01610631123569961,-0.01860631123569961,0.2
TCS,2025-07-25,2025-07-28,3,-0.018017769998607824,-0.020517769998607823,0.2
LT,2025-07-25,2025-07-28,3,-0.006012359278230184,-0.008512359278230184,0.2
LT,2025-07-28,2025-07-29,1,0.021448234332198668,0.01894823433219867,0.2
INFY,2025-07-24,2025-07-30,6,-0.021578090351695667,-0.024078090351695666,0.2
MARUTI,2025-07-29,2025-07-31,2,0.011147651038590611,0.00864765103859061,0.2
INFY,2025-07-30,2025-07-31,1,-0.0065832937813510295,-0.00908329378135103,0.2
HCLTECH,2025-07-28,2025-08-01,4,0.00709364286550529,0.004593642865505289,0.2
TCS,2025-07-28,2025-08-01,4,-0.008346007957321766,-0.010846007957321767,0.2
INFY,2025-07-31,2025-08-01,1,-0.026110075958464596,-0.028610075958464595,0.2
MARUTI,2025-07-31,2025-08-01,1,-0.01370961276356919,-0.01620961276356919,0.2
INFY,2025-08-01,2025-08-04,3,0.0074170316204025255,0.004917031620402525,0.2
TCS,2025-08-01,2025-08-06,5,0.02027969093831361,0.01777969093831361,0.2
WIPRO,2025-08-06,2025-08-07,1,0.009835012260085874,0.007335012260085873,0.2
SUNPHARMA,2025-08-07,2025-08-08,1,-0.00719469529581418,-0.00969469529581418,0.2
SUNPHARMA,2025-08-08,2025-08-11,3,0.013548482752185675,0.011048482752185675,0.2
BHARTIARTL,2025-08-01,2025-08-12,11,0.016026295256106105,0.013526295256106104,0.2
SUNPHARMA,2025-08-11,2025-08-12,1,0.008579879102987631,0.00607987910298763,0.2
TCS,2025-08-06,2025-08-13,7,0.0012861615159178719,-0.0012138384840821282,0.2
INFY,2025-08-07,2025-08-13,6,-0.007168178995307195,-0.009668178995307196,0.2
ITC,2025-08-12,2025-08-13,1,-0.005404065673757286,-0.007904065673757286,0.2
BHARTIARTL,2025-08-12,2025-08-14,2,0.012700642803788575,0.010200642803788575,0.2
INFY,2025-08-13,2025-08-14,1,0.014790328304733036,0.012290328304733035,0.2
WIPRO,2025-08-13,2025-08-14,1,0.02135320456440959,0.01885320456440959,0.2
INFY,2025-08-14,2025-08-19,5,-0.005318670334128361,-0.007818670334128362,0.2
BHARTIARTL,2025-08-14,2025-08-19,5,0.019158875764892835,0.016658875764892837,0.2
SUNPHARMA,2025-08-14,2025-08-20,6,-0.005056675485314743,-0.007556675485314744,0.2
ITC,2025-08-13,2025-08-21,8,-0.006399442978420766,-0.008899442978420767,0.2
INFY,2025-08-19,2025-08-21,2,0.039166637188102316,0.03666663718810231,0.2
ITC,2025-08-21,2025-08-25,4,-0.015287864297853448,-0.017787864297853447,0.2
TECHM,2025-08-21,2025-08-25,4,-0.010714522586474873,-0.013214522586474873,0.2
SUNPHARMA,2025-08-22,2025-08-25,3,0.009075327191317761,0.006575327191317761,0.2
TCS,2025-08-25,2025-08-26,1,0.005285655552929258,0.002785655552929258,0.2
BHARTIARTL,2025-08-25,2025-08-29,4,-0.013466618665535002,-0.015966618665535,0.2
AXISBANK,2025-08-25,2025-08-29,4,-0.023177615727217438,-0.025677615727217436,0.2
TECHM,2025-08-26,2025-08-29,3,-0.013846278529871414,-0.016346278529871413,0.2
AXISBANK,2025-09-01,2025-09-03,2,-0.006406075203131745,-0.008906075203131745,0.2
SUNPHARMA,2025-08-25,2025-09-04,10,-0.03404351318768217,-0.036543513187682175,0.2
BHARTIARTL,2025-08-29,2025-09-04,6,0.006247313878000371,0.003747313878000371,0.2
HCLTECH,2025-09-04,2025-09-05,1,-0.016836460435360134,-0.019336460435360133,0.2
SUNPHARMA,2025-09-04,2025-09-08,4,0.007141411771173001,0.004641411771173,0.2
INFY,2025-09-05,2025-09-08,3,0.1196451962381393,0.11714519623813929,0.2
TECHM,2025-09-05,2025-09-08,3,-0.011638187356262097,-0.014138187356262098,0.2
AXISBANK,2025-09-04,2025-09-09,5,0.18342468262307743,0.18092468262307743,0.2
INFY,2025-09-08,2025-09-09,1,0.04982896859503749,0.04732896859503749,0.2
TCS,2025-09-08,2025-09-09,1,0.01006949472029195,0.007569494720291949,0.2
BHARTIARTL,2025-09-05,2025-09-10,5,-0.002057734561065283,-0.0045577345610652836,0.2
TCS,2025-09-09,2025-09-10,1,0.019872846380780018,0.01737284638078002,0.2
SUNPHARMA,2025-09-10,2025-09-11,1,0.010229634147563171,0.007729634147563171,0.2
SUNPHARMA,2025-09-11,2025-09-12,1,0.004286513427373295,0.0017865134273732952,0.2
HCLTECH,2025-09-08,2025-09-15,7,0.1866845832196924,0.1841845832196924,0.2
WIPRO,2025-09-11,2025-09-15,4,-0.010358014894843781,-0.012858014894843782,0.2
SUNPHARMA,2025-09-12,2025-09-15,3,-0.00903127799450254,-0.01153127799450254,0.2
SUNPHARMA,2025-09-15,2025-09-16,1,0.005305898065217862,0.002805898065217862,0.2
SUNPHARMA,2025-09-16,2025-09-17,1,0.006022931371508333,0.003522931371508333,0.2
INFY,2025-09-16,2025-09-17,1,0.007344658343813482,0.004844658343813481,0.2
ITC,2025-09-16,2025-09-17,1,-0.009198789735740398,-0.011698789735740399,0.2
HDFCBANK,2025-09-17,2025-09-18,1,0.01076050120440919,0.00826050120440919,0.2
TECHM,2025-09-16,2025-09-19,3,0.014560915769802119,0.012060915769802118,0.2
INFY,2025-09-17,2025-09-19,2,0.011691986359538387,0.009191986359538386,0.2
ITC,2025-09-17,2025-09-22,5,0.0032983347554376152,0.0007983347554376152,0.2
HDFCBANK,2025-09-18,2025-09-23,5,-0.013000319264652838,-0.015500319264652838,0.2
TECHM,2025-09-22,2025-09-23,1,-0.02225327464545368,-0.02475327464545368,0.2
HCLTECH,2025-09-22,2025-09-25,3,-0.007014419868640265,-0.009514419868640265,0.2
HDFCBANK,2025-09-23,2025-09-25,2,-0.007678684211616216,-0.010178684211616216,0.2
WIPRO,2025-09-23,2025-09-25,2,-0.02018991204797449,-0.02268991204797449,0.2
ITC,2025-09-22,2025-09-26,4,-0.009214845857263843,-0.011714845857263843,0.2
HDFCBANK,2025-09-25,2025-09-26,1,-0.00505341676721871,-0.007553416767218711,0.2
INFY,2025-09-25,2025-09-26,1,-0.024178384102743533,-0.026678384102743532,0.2
SUNPHARMA,2025-09-25,2025-09-30,5,-0.02033917627109816,-0.022839176271098157,0.2
HDFCBANK,2025-09-26,2025-09-30,4,0.006295976174684803,0.003795976174684803,0.2
ICICIBANK,2025-09-30,2025-10-01,1,0.01780415430266924,0.015304154302669239,0.2
HCLTECH,2025-09-26,2025-10-06,10,0.016053713713685802,0.013553713713685802,0.2
ICICIBANK,2025-10-01,2025-10-06,5,-0.006268203779837389,-0.00876820377983739,0.2
INFY,2025-09-26,2025-10-07,11,0.018703858594667055,0.016203858594667057,0.2
SUNPHARMA,2025-09-30,2025-10-07,7,0.036881324793090364,0.03438132479309036,0.2
ICICIBANK,2025-10-06,2025-10-07,1,0.009168255666836433,0.006668255666836433,0.2
BHARTIARTL,2025-10-06,2025-10-07,1,0.013609387182135224,0.011109387182135224,0.2
INFY,2025-10-07,2025-10-08,1,0.025025750179788586,0.022525750179788587,0.2
ICICIBANK,2025-10-07,2025-10-08,1,-0.0040700454150525145,-0.006570045415052515,0.2
HCLTECH,2025-10-07,2025-10-08,1,0.013813179594938108,0.011313179594938107,0.2
ITC,2025-09-29,2025-10-09,10,-0.01399635248982245,-0.01649635248982245,0.2
ITC,2025-10-09,2025-10-10,1,0.007251849308444136,0.0047518493084441355,0.2
SUNPHARMA,2025-10-09,2025-10-13,4,0.005969220698780031,0.003469220698780031,0.2
ITC,2025-10-10,2025-10-13,3,-0.00881334404908185,-0.011313344049081851,0.2
BHARTIARTL,2025-10-10,2025-10-13,3,0.007732357240693322,0.005232357240693321,0.2
INFY,2025-10-10,2025-10-14,4,-0.016502737229709963,-0.01900273722970996,0.2
HCLTECH,2025-10-20,2025-10-21,1,-0.006285945352703548,-0.008785945352703549,0.2
ICICIBANK,2025-10-20,2025-10-21,1,-0.005969969457399138,-0.008469969457399138,0.2
INFY,2025-10-20,2025-10-21,1,0.007871899487275735,0.005371899487275735,0.2
HCLTECH,2025-10-21,2025-10-24,3,0.025437454869410292,0.022937454869410293,0.2
ICICIBANK,2025-10-21,2025-10-27,6,-0.0031838092721144795,-0.00568380927211448,0.2
HCLTECH,2025-10-24,2025-10-27,3,0.006365591689372341,0.0038655916893723407,0.2
BHARTIARTL,2025-10-24,2025-10-28,4,0.02503328616064371,0.02253328616064371,0.2
HCLTECH,2025-10-27,2025-10-28,1,-0.007433963311016756,-0.009933963311016756,0.2
INFY,2025-10-21,2025-10-29,8,0.034478526657164776,0.031978526657164774,0.2
TECHM,2025-10-27,2025-10-29,2,-0.007246443329518071,-0.009746443329518071,0.2
HCLTECH,2025-10-28,2025-10-30,2,0.023125984248786757,0.02062598424878676,0.2
ICICIBANK,2025-10-28,2025-10-30,2,0.005355475723625158,0.002855475723625158,0.2
INFY,2025-10-29,2025-10-30,1,-0.010990449760073573,-0.013490449760073573,0.2
LT,2025-10-29,2025-10-30,1,0.007427781414916179,0.004927781414916179,0.2
TECHM,2025-10-29,2025-10-30,1,-0.012670364249014465,-0.015170364249014466,0.2
SUNPHARMA,2025-10-30,2025-10-31,1,-0.0074557525666471,-0.0099557525666471,0.2
INFY,2025-10-30,2025-11-03,4,-0.005556331876301446,-0.008056331876301446,0.2
HCLTECH,2025-10-30,2025-11-03,4,-0.004065086445861121,-0.006565086445861122,0.2
ICICIBANK,2025-10-30,2025-11-03,4,-0.011743980999178283,-0.014243980999178283,0.2
ITC,2025-10-31,2025-11-03,3,-0.015225385515563405,-0.017725385515563404,0.2
BHARTIARTL,2025-10-30,2025-11-04,5,-0.005710714102154069,-0.008210714102154069,0.2
ICICIBANK,2025-11-03,2025-11-04,1,-0.007055852516144712,-0.009555852516144712,0.2
INFY,2025-11-03,2025-11-07,4,-0.0058565810648768535,-0.008356581064876854,0.2
HCLTECH,2025-11-03,2025-11-07,4,-0.020149022421231844,-0.022649022421231842,0.2
ICICIBANK,2025-11-04,2025-11-10,6,0.008302771623331706,0.005802771623331706,0.2
BHARTIARTL,2025-11-07,2025-11-10,3,0.00929447237161729,0.00679447237161729,0.2
INFY,2025-11-07,2025-11-10,3,0.024850995367311057,0.02235099536731106,0.2
BHARTIARTL,2025-11-10,2025-11-11,1,0.011139716534343647,0.008639716534343646,0.2
TECHM,2025-11-10,2025-11-11,1,0.007297146097845486,0.004797146097845486,0.2
BHARTIARTL,2025-11-11,2025-11-12,1,0.0154237865381599,0.0129237865381599,0.2
AXISBANK,2025-11-10,2025-11-13,3,0.006737839911153953,0.004237839911153953,0.2
BHARTIARTL,2025-11-12,2025-11-13,1,0.008679718186992424,0.006179718186992424,0.2
ICICIBANK,2025-11-12,2025-11-13,1,0.01986901134367125,0.01736901134367125,0.2
TECHM,2025-11-11,2025-11-14,3,0.030823880975894502,0.028323880975894503,0.2
BHARTIARTL,2025-11-13,2025-11-14,1,0.004254662078593707,0.0017546620785937072,0.2
ICICIBANK,2025-11-13,2025-11-14,1,-0.009308048334522145,-0.011808048334522146,0.2
BHARTIARTL,2025-11-14,2025-11-18,4,0.005474365814872373,0.002974365814872373,0.2
ICICIBANK,2025-11-14,2025-11-18,4,0.0043699927166784835,0.0018699927166784835,0.2
INFY,2025-11-17,2025-11-18,1,-0.014062053273537822,-0.01656205327353782,0.2
TCS,2025-11-17,2025-11-18,1,-0.004867488056444547,-0.007367488056444547,0.2
ITC,2025-11-03,2025-11-20,17,-0.019929964712892434,-0.022429964712892433,0.2
BHARTIARTL,2025-11-24,2025-11-25,1,0.0044142928158152905,0.0019142928158152905,0.2
INFY,2025-11-24,2025-11-25,1,-0.011240325848876909,-0.01374032584887691,0.2
ICICIBANK,2025-11-24,2025-11-25,1,-0.007746255040060768,-0.010246255040060768,0.2
INFY,2025-11-25,2025-11-26,1,0.01783617487493583,0.015336174874935828,0.2
INFY,2025-11-26,2025-11-27,1,0.00545606256293385,0.00295606256293385,0.2
RELIANCE,2025-11-26,2025-12-01,5,-0.0024205674049486703,-0.004920567404948671,0.2
HCLTECH,2025-11-26,2025-12-01,5,0.01545212476119917,0.01295212476119917,0.2
BHARTIARTL,2025-11-27,2025-12-01,4,-0.012242458540755008,-0.014742458540755008,0.2
SUNPHARMA,2025-11-25,2025-12-02,7,0.018854130032306626,0.016354130032306628,0.2
TCS,2025-11-25,2025-12-02,7,0.014009973755455762,0.011509973755455762,0.2
HCLTECH,2025-12-01,2025-12-03,2,-0.0014608016964128279,-0.003960801696412828,0.2
INFY,2025-12-02,2025-12-03,1,0.011338854049887104,0.008838854049887103,0.2
SUNPHARMA,2025-12-02,2025-12-03,1,0.004001129563623973,0.001501129563623973,0.2
TATASTEEL,2025-12-01,2025-12-05,4,-0.0050406575277383014,-0.007540657527738302,0.2
HCLTECH,2025-12-03,2025-12-08,5,0.008594905744292003,0.0060949057442920025,0.2
RELIANCE,2025-12-01,2025-12-09,8,-0.012642824255458707,-0.015142824255458707,0.2
SUNPHARMA,2025-12-03,2025-12-10,7,0.006420552077440744,0.003920552077440744,0.2
LT,2025-12-04,2025-12-11,7,0.013706158293285364,0.011206158293285364,0.2
SUNPHARMA,2025-12-10,2025-12-11,1,0.012153450603120008,0.009653450603120008,0.2
HCLTECH,2025-12-08,2025-12-15,7,-0.01835843577791252,-0.020858435777912517,0.2
RELIANCE,2025-12-10,2025-12-15,5,0.005270333435660524,0.0027703334356605235,0.2
SUNPHARMA,2025-12-11,2025-12-15,4,-0.005588741885514281,-0.008088741885514282,0.2
SUNPHARMA,2025-12-15,2025-12-16,1,-0.008791925523164767,-0.011291925523164768,0.2
TATASTEEL,2025-12-12,2025-12-17,5,0.005701295776475046,0.003201295776475046,0.2
LT,2025-12-15,2025-12-17,2,-0.007306440419229898,-0.009806440419229899,0.2
SUNPHARMA,2025-12-16,2025-12-17,1,0.006512104372450089,0.004012104372450089,0.2
ICICIBANK,2025-12-11,2025-12-19,8,0.004411764705882115,0.0019117647058821152,0.2
ICICIBANK,2025-12-19,2025-12-22,3,0.010634387913514454,0.008134387913514453,0.2
SUNPHARMA,2025-12-17,2025-12-23,6,-0.026772252270080288,-0.029272252270080287,0.2
ITC,2025-12-22,2025-12-24,2,0.009684636537148128,0.0071846365371481275,0.2
BHARTIARTL,2025-12-22,2025-12-24,2,-0.011128769509023972,-0.013628769509023973,0.2
SUNPHARMA,2025-12-23,2025-12-24,1,-0.010763672219664566,-0.013263672219664567,0.2
BHARTIARTL,2025-12-24,2025-12-29,5,-0.019823823743270408,-0.022323823743270407,0.2
ITC,2025-12-29,2025-12-30,1,-0.00496773191474531,-0.007467731914745311,0.2
ITC,2025-12-30,2025-12-31,1,0.005991024623950514,0.0034910246239505138,0.2
ICICIBANK,2025-12-24,2026-01-01,8,-0.016031804710487152,-0.01853180471048715,0.2
ITC,2025-12-31,2026-01-01,1,-0.09714638350094018,-0.09964638350094018,0.2
RELIANCE,2026-01-01,2026-01-05,4,0.0015866971558375909,-0.0009133028441624092,0.2
ICICIBANK,2026-01-01,2026-01-05,4,0.025037369207771,0.022537369207771,0.2
SUNPHARMA,2025-12-24,2026-01-06,13,-0.009153772096375468,-0.011653772096375468,0.2
BHARTIARTL,2025-12-29,2026-01-06,8,0.01138544872214342,0.00888544872214342,0.2
LT,2026-01-01,2026-01-07,6,0.004009298146986362,0.001509298146986362,0.2
RELIANCE,2026-01-05,2026-01-07,2,-0.04682848080434143,-0.049328480804341435,0.2
BHARTIARTL,2026-01-06,2026-01-07,1,-0.010022370762777455,-0.012522370762777455,0.2
BHARTIARTL,2026-01-07,2026-01-08,1,-0.008588380559976794,-0.011088380559976794,0.2
RELIANCE,2026-01-07,2026-01-09,2,-0.019212806330191068,-0.021712806330191067,0.2
BHARTIARTL,2026-01-08,2026-01-09,1,-0.01897114277494083,-0.02147114277494083,0.2
RELIANCE,2026-01-09,2026-01-12,3,0.005354776711371079,0.0028547767113710786,0.2
BHARTIARTL,2026-01-09,2026-01-12,3,0.008337045344384952,0.005837045344384952,0.2
TCS,2026-01-07,2026-01-13,6,-0.026641592557900662,-0.02914159255790066,0.2
INFY,2026-01-09,2026-01-15,6,-0.00885938106319617,-0.01135938106319617,0.2
LT,2026-01-19,2026-01-21,2,-0.026693898269861238,-0.029193898269861237,0.2
BHARTIARTL,2026-01-12,2026-01-28,16,-0.016634050880625417,-0.019134050880625416,0.2
RELIANCE,2026-01-22,2026-01-28,6,-0.0041355071858285575,-0.006635507185828558,0.2
LT,2026-01-22,2026-01-28,6,5.270472067619991e-05,-0.0024472952793238,0.2
ICICIBANK,2026-01-28,2026-01-29,1,0.011625374703302382,0.009125374703302382,0.2
RELIANCE,2026-01-28,2026-02-02,5,-0.004510579922714419,-0.00701057992271442,0.2
BHARTIARTL,2026-01-28,2026-02-02,5,0.00393322441346422,0.0014332244134642202,0.2
LT,2026-01-28,2026-02-02,5,0.03355299125675315,0.031052991256753152,0.2
RELIANCE,2026-02-02,2026-02-03,1,0.03358742113914426,0.03108742113914426,0.2
ICICIBANK,2026-02-03,2026-02-04,1,0.013456194789686293,0.010956194789686293,0.2
RELIANCE,2026-02-03,2026-02-05,2,0.01370821346938933,0.01120821346938933,0.2
ICICIBANK,2026-02-04,2026-02-06,2,-0.008449321363092399,-0.0109493213630924,0.2
TATASTEEL,2026-02-04,2026-02-06,2,0.008495413070421787,0.005995413070421786,0.2
ICICIBANK,2026-02-12,2026-02-18,6,-0.015244789390296165,-0.017744789390296164,0.2
RELIANCE,2026-02-16,2026-02-18,2,0.0029226033773153137,0.00042260337731531367,0.2
ICICIBANK,2026-02-18,2026-02-19,1,-0.013776383337894882,-0.01627638333789488,0.2
ICICIBANK,2026-02-19,2026-02-23,4,0.007632470631665722,0.0051324706316657216,0.2
SUNPHARMA,2026-02-25,2026-02-26,1,0.012186827227671948,0.009686827227671948,0.2
SUNPHARMA,2026-02-26,2026-02-27,1,-0.027272191579505112,-0.02977219157950511,0.2
TATASTEEL,2026-02-26,2026-02-27,1,-0.014801421576495333,-0.01730142157649533,0.2
ICICIBANK,2026-02-26,2026-03-02,4,-0.15467580546731752,-0.15717580546731752,0.2
HCLTECH,2026-02-27,2026-03-02,3,-0.013030002090599346,-0.015530002090599347,0.2
TATASTEEL,2026-02-27,2026-03-02,3,-0.006216772537252613,-0.008716772537252613,0.2
BHARTIARTL,2026-03-02,2026-03-05,3,0.018044015433044347,0.015544015433044346,0.2
HDFCBANK,2026-03-02,2026-03-05,3,-0.0018763069914191632,-0.004376306991419164,0.2
INFY,2026-03-02,2026-03-06,4,0.015129179634288059,0.012629179634288059,0.2
HDFCBANK,2026-03-05,2026-03-06,1,-0.20654474627612962,-0.20904474627612962,0.2
SUNPHARMA,2026-02-27,2026-03-10,11,0.027345998848588016,0.024845998848588017,0.2
BHARTIARTL,2026-03-05,2026-03-10,5,-0.021132694718470346,-0.023632694718470345,0.2
