date,window_id,close_price,next_close_price,actual,prob_up,lgbm_pred,xgb_pred,lstm_pred,bilstm_pred,gru_pred,cnn_lstm_pred,cnn_gru_pred,tcn_gru_pred,tcn_transformer_pred,nbeats_pred,ensemble_pred,direction,correct
2024-04-25,1,269.07220458984375,271.7700500488281,1,0.498,0,1,,,,,,,,,0,DOWN,False
2024-04-26,1,271.7700500488281,275.939453125,1,0.5067,0,1,,,,,,,,,1,UP,True
2024-04-29,1,275.939453125,270.8336486816406,0,0.5156,1,1,,,,,,,,,1,UP,False
2024-04-30,1,270.8336486816406,280.866943359375,1,0.5041,1,1,,,,,,,,,1,UP,True
2024-05-03,1,280.866943359375,272.12677001953125,0,0.4825,0,1,,,,,,,,,0,DOWN,True
2024-05-06,1,272.12677001953125,269.4735107421875,0,0.4828,0,0,,,,,,,,,0,DOWN,True
2024-05-07,1,269.4735107421875,276.6083679199219,1,0.4953,0,1,,,,,,,,,0,DOWN,False
2024-05-08,1,276.6083679199219,264.0555419921875,0,0.4791,0,1,,,,,,,,,0,DOWN,True
2024-05-09,1,264.0555419921875,275.87261962890625,1,0.4791,0,0,,,,,,,,,0,DOWN,False
2024-05-10,1,275.87261962890625,270.20928955078125,0,0.4984,0,1,,,,,,,,,0,DOWN,True
2024-05-14,1,270.20928955078125,278.72650146484375,1,0.4949,0,1,,,,,,,,,0,DOWN,False
2024-05-15,1,278.72650146484375,275.91717529296875,0,0.4856,0,1,,,,,,,,,0,DOWN,True
2024-05-16,1,275.91717529296875,280.17578125,1,0.4885,0,0,,,,,,,,,0,DOWN,False
2024-05-17,1,280.17578125,285.6161193847656,1,0.4959,0,1,,,,,,,,,0,DOWN,False
2024-05-22,1,285.6161193847656,288.7153015136719,1,0.5082,1,1,,,,,,,,,1,UP,True
2024-05-23,1,288.7153015136719,292.55023193359375,1,0.5183,1,1,,,,,,,,,1,UP,True
2024-05-27,1,292.55023193359375,282.5168762207031,0,0.4937,0,1,,,,,,,,,0,DOWN,True
2024-05-29,1,282.5168762207031,279.9527893066406,0,0.479,0,0,,,,,,,,,0,DOWN,True
2024-05-31,1,279.9527893066406,297.05413818359375,1,0.5326,1,1,,,,,,,,,1,UP,True
2024-06-03,1,297.05413818359375,259.12799072265625,0,0.5097,1,1,,,,,,,,,1,UP,False
2024-06-05,1,259.12799072265625,260.48809814453125,1,0.5084,1,1,,,,,,,,,1,UP,True
2024-06-06,1,260.48809814453125,267.4668273925781,1,0.5094,1,1,,,,,,,,,1,UP,True
2024-06-07,1,267.4668273925781,268.7154541015625,1,0.5219,1,1,,,,,,,,,1,UP,True
2024-06-10,1,268.7154541015625,270.76678466796875,1,0.5312,1,1,,,,,,,,,1,UP,True
2024-06-11,1,270.76678466796875,273.5091552734375,1,0.4999,0,1,,,,,,,,,0,DOWN,False
2024-06-12,1,273.5091552734375,276.1847229003906,1,0.5073,0,1,,,,,,,,,1,UP,True
2024-06-13,1,276.1847229003906,279.44000244140625,1,0.5008,0,1,,,,,,,,,1,UP,True
2024-06-14,1,279.44000244140625,274.6016845703125,1,0.498,0,1,,,,,,,,,0,DOWN,False
2024-06-19,1,274.6016845703125,274.3341369628906,1,0.4982,0,1,,,,,,,,,0,DOWN,False
2024-06-21,1,274.3341369628906,272.23828125,0,0.4972,0,1,,,,,,,,,0,DOWN,True
2024-06-24,1,272.23828125,264.2561340332031,0,0.4972,0,1,,,,,,,,,0,DOWN,True
2024-06-25,1,264.2561340332031,266.12908935546875,1,0.51,1,1,,,,,,,,,1,UP,True
2024-06-26,1,266.12908935546875,271.4801940917969,1,0.4935,0,1,,,,,,,,,0,DOWN,False
2024-07-02,1,271.4801940917969,273.4422912597656,1,0.507,1,1,,,,,,,,,1,UP,True
2024-07-03,1,273.4422912597656,270.2315979003906,0,0.4869,0,1,,,,,,,,,0,DOWN,True
2024-07-04,1,270.2315979003906,267.8681945800781,1,0.5201,1,1,,,,,,,,,1,UP,True
2024-07-10,1,267.8681945800781,273.4422912597656,1,0.5194,1,1,,,,,,,,,1,UP,True
2024-07-11,1,273.4422912597656,271.61395263671875,0,0.5138,1,1,,,,,,,,,1,UP,False
2024-07-12,1,271.61395263671875,274.4679260253906,1,0.4997,0,1,,,,,,,,,0,DOWN,False
2024-07-15,1,274.4679260253906,281.7811279296875,1,0.5062,1,1,,,,,,,,,1,UP,True
2024-07-16,1,281.7811279296875,270.945068359375,1,0.5048,1,1,,,,,,,,,1,UP,True
2024-07-19,1,270.945068359375,274.913818359375,1,0.4994,0,1,,,,,,,,,0,DOWN,False
2024-07-22,1,274.913818359375,272.9071960449219,0,0.4983,0,0,,,,,,,,,0,DOWN,True
2024-07-23,1,272.9071960449219,280.8892517089844,1,0.502,0,1,,,,,,,,,1,UP,True
2024-07-24,1,280.8892517089844,290.87799072265625,1,0.5025,1,1,,,,,,,,,1,UP,True
2024-07-25,1,290.87799072265625,293.2414245605469,1,0.5065,1,1,,,,,,,,,1,UP,True
2024-07-26,1,293.2414245605469,301.3572998046875,1,0.5117,1,1,,,,,,,,,1,UP,True
2024-07-29,1,301.3572998046875,310.54339599609375,1,0.4997,0,1,,,,,,,,,0,DOWN,False
2024-07-30,1,310.54339599609375,311.3460998535156,1,0.5093,1,0,,,,,,,,,1,UP,True
2024-08-01,1,311.3460998535156,309.5623474121094,0,0.5102,1,1,,,,,,,,,1,UP,False
2024-08-02,1,309.5623474121094,304.746337890625,0,0.4976,0,1,,,,,,,,,0,DOWN,True
2024-08-05,1,304.746337890625,298.5033874511719,0,0.5034,0,1,,,,,,,,,1,UP,False
2024-08-06,1,298.5033874511719,306.4854736328125,1,0.5175,1,1,,,,,,,,,1,UP,True
2024-08-07,1,306.4854736328125,301.7140197753906,0,0.5102,1,1,,,,,,,,,1,UP,False
2024-08-08,1,301.7140197753906,306.868408203125,1,0.4992,0,1,,,,,,,,,0,DOWN,False
2024-08-12,1,306.868408203125,296.0994567871094,0,0.4969,0,1,,,,,,,,,0,DOWN,True
2024-08-13,1,296.0994567871094,299.182861328125,1,0.4949,0,1,,,,,,,,,0,DOWN,False
2024-08-14,1,299.182861328125,316.4407653808594,1,0.4758,0,1,,,,,,,,,0,DOWN,False
2024-08-19,1,316.4407653808594,321.59515380859375,1,0.4985,0,1,,,,,,,,,0,DOWN,False
2024-08-20,1,321.59515380859375,322.2394714355469,1,0.5021,1,1,,,,,,,,,1,UP,True
2024-08-22,1,322.2394714355469,323.20587158203125,1,0.4944,0,1,,,,,,,,,0,DOWN,False
2024-08-26,1,323.20587158203125,320.4446105957031,0,0.4945,0,1,,,,,,,,,0,DOWN,True
2024-08-28,1,320.4446105957031,329.9249572753906,1,0.4911,0,1,,,,,,,,,0,DOWN,False
2024-09-02,1,329.9249572753906,328.8204650878906,0,0.5066,1,1,,,,,,,,,1,UP,False
2024-09-04,1,328.8204650878906,331.9959411621094,1,0.4961,0,1,,,,,,,,,0,DOWN,False
2024-09-05,1,331.9959411621094,324.12628173828125,0,0.5024,0,1,,,,,,,,,1,UP,False
2024-09-06,1,324.12628173828125,320.1224670410156,0,0.5017,1,1,,,,,,,,,1,UP,False
2024-09-09,1,320.1224670410156,318.4197082519531,0,0.488,0,0,,,,,,,,,0,DOWN,True
2024-09-10,1,318.4197082519531,313.17327880859375,0,0.4909,0,0,,,,,,,,,0,DOWN,True
2024-09-11,1,313.17327880859375,316.9010009765625,1,0.4952,0,1,,,,,,,,,0,DOWN,False
2024-09-12,1,316.9010009765625,315.06011962890625,0,0.5091,1,1,,,,,,,,,1,UP,False
2024-09-13,1,315.06011962890625,313.54144287109375,0,0.4988,0,1,,,,,,,,,0,DOWN,True
2024-09-16,1,313.54144287109375,311.4704895019531,0,0.4966,0,0,,,,,,,,,0,DOWN,True
2024-09-17,1,311.4704895019531,309.353515625,0,0.4992,0,1,,,,,,,,,0,DOWN,True
2024-09-18,1,309.353515625,298.6306457519531,0,0.4934,0,1,,,,,,,,,0,DOWN,True
2024-09-19,1,298.6306457519531,304.8434753417969,1,0.507,1,1,,,,,,,,,1,UP,True
2024-09-20,1,304.8434753417969,312.7590637207031,1,0.4915,0,0,,,,,,,,,0,DOWN,False
2024-09-25,1,312.7590637207031,317.6373596191406,1,0.498,0,1,,,,,,,,,0,DOWN,False
2024-09-26,1,317.6373596191406,338.0706787109375,1,0.5075,1,1,,,,,,,,,1,UP,True
2024-09-27,1,338.0706787109375,340.5097961425781,1,0.4798,0,1,,,,,,,,,0,DOWN,False
2024-09-30,1,340.5097961425781,338.945068359375,0,0.4934,1,0,,,,,,,,,0,DOWN,True
2024-10-01,1,338.945068359375,313.17327880859375,0,0.4972,0,1,,,,,,,,,0,DOWN,True
2024-10-04,1,313.17327880859375,308.3410949707031,0,0.4793,0,0,,,,,,,,,0,DOWN,True
2024-10-07,1,308.3410949707031,311.88470458984375,1,0.4781,0,1,,,,,,,,,0,DOWN,False
2024-10-09,1,311.88470458984375,308.75531005859375,0,0.4906,0,1,,,,,,,,,0,DOWN,True
2024-10-10,1,308.75531005859375,310.7801513671875,1,0.5068,1,1,,,,,,,,,1,UP,True
2024-10-11,1,310.7801513671875,313.6335144042969,1,0.4992,0,1,,,,,,,,,0,DOWN,False
2024-10-14,1,313.6335144042969,320.9968566894531,1,0.5291,1,1,,,,,,,,,1,UP,True
2024-10-15,1,320.9968566894531,322.8376770019531,1,0.5034,0,1,,,,,,,,,1,UP,True
2024-10-16,1,322.8376770019531,315.2442626953125,0,0.5198,1,1,,,,,,,,,1,UP,False
2024-10-18,1,315.2442626953125,305.2576599121094,0,0.4753,0,1,,,,,,,,,0,DOWN,True
2024-10-21,1,305.2576599121094,297.342041015625,0,0.493,0,1,,,,,,,,,0,DOWN,True
2024-10-23,1,297.342041015625,295.8693542480469,0,0.5,0,1,,,,,,,,,0,DOWN,True
2024-10-24,1,295.8693542480469,281.9249572753906,0,0.489,0,1,,,,,,,,,0,DOWN,True
2024-10-25,1,281.9249572753906,286.0208435058594,1,0.4952,0,1,,,,,,,,,0,DOWN,False
2024-10-31,1,286.0208435058594,288.091796875,1,0.5083,1,1,,,,,,,,,1,UP,True
2024-11-01,1,288.091796875,279.30181884765625,0,0.5127,1,1,,,,,,,,,1,UP,False
2024-11-04,1,279.30181884765625,283.4436950683594,1,0.4994,0,1,,,,,,,,,0,DOWN,False
2024-11-05,1,283.4436950683594,291.77349853515625,1,0.5107,1,1,,,,,,,,,1,UP,True
2024-11-06,1,291.77349853515625,289.9326477050781,0,0.5146,1,1,,,,,,,,,1,UP,False
2024-11-07,1,289.9326477050781,285.7447509765625,0,0.5009,0,1,,,,,,,,,1,UP,False
2024-11-08,1,285.7447509765625,287.6776123046875,1,0.5053,1,1,,,,,,,,,1,UP,True
2024-11-11,1,287.6776123046875,285.1464538574219,0,0.5065,0,1,,,,,,,,,1,UP,False
2024-11-12,1,285.1464538574219,281.51080322265625,0,0.5057,1,1,,,,,,,,,1,UP,False
2024-11-13,1,281.51080322265625,274.4695739746094,0,0.504,0,1,,,,,,,,,1,UP,False
2024-11-14,1,274.4695739746094,264.6210632324219,0,0.5092,1,1,,,,,,,,,1,UP,False
2024-11-19,1,264.6210632324219,263.1023864746094,0,0.5042,1,1,,,,,,,,,1,UP,False
2024-11-22,1,263.1023864746094,272.9508972167969,1,0.5149,1,1,,,,,,,,,1,UP,True
2024-11-25,1,272.9508972167969,270.09759521484375,0,0.4987,0,1,,,,,,,,,0,DOWN,True
2024-11-27,1,270.09759521484375,270.2816467285156,0,0.5072,1,1,,,,,,,,,1,UP,False
2024-12-04,1,270.2816467285156,273.3651123046875,1,0.5074,1,1,,,,,,,,,1,UP,True
2024-12-05,1,273.3651123046875,276.448486328125,1,0.509,1,1,,,,,,,,,1,UP,True
2024-12-06,1,276.448486328125,279.3478088378906,1,0.5049,0,1,,,,,,,,,1,UP,True
2024-12-10,1,279.3478088378906,282.9834899902344,1,0.5,0,1,,,,,,,,,1,UP,True
2024-08-14,2,299.182861328125,316.4407653808594,1,0.4868,0,0,,,,,,,,,0,DOWN,False
2024-08-19,2,316.4407653808594,321.59515380859375,1,0.5106,1,1,,,,,,,,,1,UP,True
2024-08-20,2,321.59515380859375,322.2394714355469,1,0.5477,0,1,,,,,,,,,1,UP,True
2024-08-22,2,322.2394714355469,323.20587158203125,1,0.4835,0,1,,,,,,,,,0,DOWN,False
2024-08-26,2,323.20587158203125,320.4446105957031,0,0.5863,1,1,,,,,,,,,1,UP,False
2024-08-28,2,320.4446105957031,329.9249572753906,1,0.4945,0,1,,,,,,,,,0,DOWN,False
2024-09-02,2,329.9249572753906,328.8204650878906,0,0.5557,1,1,,,,,,,,,1,UP,False
2024-09-04,2,328.8204650878906,331.9959411621094,1,0.5094,1,1,,,,,,,,,1,UP,True
2024-09-05,2,331.9959411621094,324.12628173828125,0,0.5524,1,1,,,,,,,,,1,UP,False
2024-09-06,2,324.12628173828125,320.1224670410156,0,0.5004,0,1,,,,,,,,,1,UP,False
2024-09-09,2,320.1224670410156,318.4197082519531,0,0.4527,0,1,,,,,,,,,0,DOWN,True
2024-09-10,2,318.4197082519531,313.17327880859375,0,0.5202,1,1,,,,,,,,,1,UP,False
2024-09-11,2,313.17327880859375,316.9010009765625,1,0.4783,0,1,,,,,,,,,0,DOWN,False
2024-09-12,2,316.9010009765625,315.06011962890625,0,0.5895,1,1,,,,,,,,,1,UP,False
2024-09-13,2,315.06011962890625,313.54144287109375,0,0.5524,1,1,,,,,,,,,1,UP,False
2024-09-16,2,313.54144287109375,311.4704895019531,0,0.5284,0,1,,,,,,,,,1,UP,False
2024-09-17,2,311.4704895019531,309.353515625,0,0.5198,1,0,,,,,,,,,1,UP,False
2024-09-18,2,309.353515625,298.6306457519531,0,0.4975,0,1,,,,,,,,,0,DOWN,True
2024-09-19,2,298.6306457519531,304.8434753417969,1,0.4647,0,1,,,,,,,,,0,DOWN,False
2024-09-20,2,304.8434753417969,312.7590637207031,1,0.4842,0,1,,,,,,,,,0,DOWN,False
2024-09-25,2,312.7590637207031,317.6373596191406,1,0.6006,1,1,,,,,,,,,1,UP,True
2024-09-26,2,317.6373596191406,338.0706787109375,1,0.6027,1,1,,,,,,,,,1,UP,True
2024-09-27,2,338.0706787109375,340.5097961425781,1,0.4749,0,1,,,,,,,,,0,DOWN,False
2024-09-30,2,340.5097961425781,338.945068359375,0,0.5031,0,1,,,,,,,,,1,UP,False
2024-10-01,2,338.945068359375,313.17327880859375,0,0.4595,0,1,,,,,,,,,0,DOWN,True
2024-10-04,2,313.17327880859375,308.3410949707031,0,0.499,1,1,,,,,,,,,0,DOWN,True
2024-10-07,2,308.3410949707031,311.88470458984375,1,0.5405,0,1,,,,,,,,,1,UP,True
2024-10-09,2,311.88470458984375,308.75531005859375,0,0.5379,0,1,,,,,,,,,1,UP,False
2024-10-10,2,308.75531005859375,310.7801513671875,1,0.6019,1,1,,,,,,,,,1,UP,True
2024-10-11,2,310.7801513671875,313.6335144042969,1,0.5203,0,1,,,,,,,,,1,UP,True
2024-10-14,2,313.6335144042969,320.9968566894531,1,0.6118,1,1,,,,,,,,,1,UP,True
2024-10-15,2,320.9968566894531,322.8376770019531,1,0.5833,1,1,,,,,,,,,1,UP,True
2024-10-16,2,322.8376770019531,315.2442626953125,0,0.5692,1,1,,,,,,,,,1,UP,False
2024-10-18,2,315.2442626953125,305.2576599121094,0,0.4626,0,0,,,,,,,,,0,DOWN,True
2024-10-21,2,305.2576599121094,297.342041015625,0,0.5387,0,1,,,,,,,,,1,UP,False
2024-10-23,2,297.342041015625,295.8693542480469,0,0.5169,1,1,,,,,,,,,1,UP,False
2024-10-24,2,295.8693542480469,281.9249572753906,0,0.5025,0,1,,,,,,,,,1,UP,False
2024-10-25,2,281.9249572753906,286.0208435058594,1,0.5319,1,1,,,,,,,,,1,UP,True
2024-10-31,2,286.0208435058594,288.091796875,1,0.5624,1,1,,,,,,,,,1,UP,True
2024-11-01,2,288.091796875,279.30181884765625,0,0.6095,1,1,,,,,,,,,1,UP,False
2024-11-04,2,279.30181884765625,283.4436950683594,1,0.4822,0,1,,,,,,,,,0,DOWN,False
2024-11-05,2,283.4436950683594,291.77349853515625,1,0.5541,1,1,,,,,,,,,1,UP,True
2024-11-06,2,291.77349853515625,289.9326477050781,0,0.5859,1,1,,,,,,,,,1,UP,False
2024-11-07,2,289.9326477050781,285.7447509765625,0,0.556,1,1,,,,,,,,,1,UP,False
2024-11-08,2,285.7447509765625,287.6776123046875,1,0.5306,1,1,,,,,,,,,1,UP,True
2024-11-11,2,287.6776123046875,285.1464538574219,0,0.5743,1,1,,,,,,,,,1,UP,False
2024-11-12,2,285.1464538574219,281.51080322265625,0,0.5354,1,1,,,,,,,,,1,UP,False
2024-11-13,2,281.51080322265625,274.4695739746094,0,0.4939,0,1,,,,,,,,,0,DOWN,True
2024-11-14,2,274.4695739746094,264.6210632324219,0,0.5734,1,1,,,,,,,,,1,UP,False
2024-11-19,2,264.6210632324219,263.1023864746094,0,0.5656,1,1,,,,,,,,,1,UP,False
2024-11-22,2,263.1023864746094,272.9508972167969,1,0.5781,1,1,,,,,,,,,1,UP,True
2024-11-25,2,272.9508972167969,270.09759521484375,0,0.4691,0,1,,,,,,,,,0,DOWN,True
2024-11-27,2,270.09759521484375,270.2816467285156,0,0.4812,0,1,,,,,,,,,0,DOWN,True
2024-12-04,2,270.2816467285156,273.3651123046875,1,0.4823,0,1,,,,,,,,,0,DOWN,False
2024-12-05,2,273.3651123046875,276.448486328125,1,0.4706,0,1,,,,,,,,,0,DOWN,False
2024-12-06,2,276.448486328125,279.3478088378906,1,0.5577,0,1,,,,,,,,,1,UP,True
2024-12-10,2,279.3478088378906,282.9834899902344,1,0.5962,1,1,,,,,,,,,1,UP,True
2024-12-11,2,282.9834899902344,277.6910705566406,0,0.5575,1,1,,,,,,,,,1,UP,False
2024-12-13,2,277.6910705566406,274.2394714355469,0,0.6278,1,1,,,,,,,,,1,UP,False
2024-12-16,2,274.2394714355469,269.6833801269531,0,0.5744,1,1,,,,,,,,,1,UP,False
2024-12-17,2,269.6833801269531,265.357421875,0,0.5734,1,1,,,,,,,,,1,UP,False
2024-12-18,2,265.357421875,271.1100158691406,1,0.5808,1,1,,,,,,,,,1,UP,True
2024-12-19,2,271.1100158691406,266.09375,0,0.5341,0,1,,,,,,,,,1,UP,False
2024-12-23,2,266.09375,268.7629699707031,1,0.5544,1,1,,,,,,,,,1,UP,True
2024-12-24,2,268.7629699707031,269.17718505859375,1,0.4933,0,1,,,,,,,,,0,DOWN,False
2024-12-31,2,269.17718505859375,271.8003234863281,1,0.5928,1,1,,,,,,,,,1,UP,True
2025-01-01,2,271.8003234863281,272.8128356933594,1,0.4935,0,1,,,,,,,,,0,DOWN,False
2025-01-03,2,272.8128356933594,262.1819763183594,0,0.6023,1,1,,,,,,,,,1,UP,False
2025-01-06,2,262.1819763183594,260.2950744628906,0,0.5296,0,1,,,,,,,,,1,UP,False
2025-01-07,2,260.2950744628906,263.976806640625,1,0.6087,1,1,,,,,,,,,1,UP,True
2025-01-08,2,263.976806640625,257.7179260253906,0,0.582,1,1,,,,,,,,,1,UP,False
2025-01-09,2,257.7179260253906,244.18771362304688,0,0.5978,1,1,,,,,,,,,1,UP,False
2025-01-13,2,244.18771362304688,248.69781494140625,1,0.5683,1,1,,,,,,,,,1,UP,True
2025-01-14,2,248.69781494140625,245.66038513183594,0,0.54,1,1,,,,,,,,,1,UP,False
2025-01-16,2,245.66038513183594,251.82720947265625,1,0.5984,1,1,,,,,,,,,1,UP,True
2025-01-17,2,251.82720947265625,255.2327880859375,1,0.5879,1,1,,,,,,,,,1,UP,True
2025-01-20,2,255.2327880859375,255.50894165039062,1,0.5839,1,1,,,,,,,,,1,UP,True
2025-01-22,2,255.50894165039062,249.6642303466797,0,0.5542,1,1,,,,,,,,,1,UP,False
2025-01-23,2,249.6642303466797,242.8070831298828,0,0.5881,1,1,,,,,,,,,1,UP,False
2025-01-24,2,242.8070831298828,240.5060272216797,0,0.5519,1,1,,,,,,,,,1,UP,False
2025-01-27,2,240.5060272216797,237.51467895507812,0,0.5298,1,1,,,,,,,,,1,UP,False
2025-01-28,2,237.51467895507812,241.3629608154297,1,0.5092,1,1,,,,,,,,,1,UP,True
2025-01-30,2,241.3629608154297,245.07046508789062,1,0.53,1,1,,,,,,,,,1,UP,True
2025-01-31,2,245.07046508789062,239.95504760742188,0,0.5446,1,1,,,,,,,,,1,UP,False
2025-02-01,2,239.95504760742188,234.22955322265625,0,0.6222,1,1,,,,,,,,,1,UP,False
2025-02-03,2,234.22955322265625,240.2366485595703,1,0.6286,1,1,,,,,,,,,1,UP,True
2025-02-04,2,240.2366485595703,245.2112579345703,1,0.6107,1,1,,,,,,,,,1,UP,True
2025-02-05,2,245.2112579345703,246.4314422607422,1,0.563,1,1,,,,,,,,,1,UP,True
2025-02-06,2,246.4314422607422,248.07400512695312,1,0.5935,1,1,,,,,,,,,1,UP,True
2025-02-07,2,248.07400512695312,243.9441375732422,0,0.5549,1,1,,,,,,,,,1,UP,False
2025-02-10,2,243.9441375732422,240.04891967773438,0,0.5022,0,1,,,,,,,,,1,UP,False
2025-02-13,2,240.04891967773438,235.5905303955078,0,0.6164,1,1,,,,,,,,,1,UP,False
2025-02-14,2,235.5905303955078,239.9081268310547,1,0.4386,0,0,,,,,,,,,0,DOWN,False
2025-02-19,2,239.9081268310547,242.7239532470703,1,0.5857,1,1,,,,,,,,,1,UP,True
2025-02-20,2,242.7239532470703,235.5905303955078,0,0.5686,1,1,,,,,,,,,1,UP,False
2025-02-24,2,235.5905303955078,222.7316131591797,0,0.5914,1,1,,,,,,,,,1,UP,False
2025-02-28,2,222.7316131591797,227.52789306640625,1,0.5376,0,1,,,,,,,,,1,UP,True
2025-03-03,2,227.52789306640625,234.57684326171875,1,0.6044,1,1,,,,,,,,,1,UP,True
2025-03-04,2,234.57684326171875,240.1333770751953,1,0.5278,1,1,,,,,,,,,1,UP,True
2025-03-05,2,240.1333770751953,248.7686004638672,1,0.5343,0,1,,,,,,,,,1,UP,True
2025-03-06,2,248.7686004638672,245.2206573486328,0,0.5547,1,1,,,,,,,,,1,UP,False
2025-03-07,2,245.2206573486328,241.15646362304688,0,0.5293,0,1,,,,,,,,,1,UP,False
2025-03-10,2,241.15646362304688,248.33682250976562,1,0.5644,1,1,,,,,,,,,1,UP,True
2025-03-11,2,248.33682250976562,249.97003173828125,1,0.5003,0,1,,,,,,,,,1,UP,True
2025-03-12,2,249.97003173828125,248.17724609375,0,0.5445,1,1,,,,,,,,,1,UP,False
2025-03-13,2,248.17724609375,245.37081909179688,0,0.4817,0,1,,,,,,,,,0,DOWN,True
2025-03-18,2,245.37081909179688,248.97509765625,1,0.554,1,1,,,,,,,,,1,UP,True
2025-03-19,2,248.97509765625,255.42330932617188,1,0.5252,1,1,,,,,,,,,1,UP,True
2025-03-20,2,255.42330932617188,263.22314453125,1,0.5177,0,1,,,,,,,,,1,UP,True
2025-03-24,2,263.22314453125,261.9747619628906,0,0.5511,1,1,,,,,,,,,1,UP,False
2025-03-25,2,261.9747619628906,256.2492980957031,0,0.4555,0,1,,,,,,,,,0,DOWN,True
2025-03-26,2,256.2492980957031,259.1120300292969,1,0.5875,1,1,,,,,,,,,1,UP,True
2025-03-27,2,259.1120300292969,261.37408447265625,1,0.6495,1,1,,,,,,,,,1,UP,True
2025-03-28,2,261.37408447265625,269.1926574707031,1,0.5408,1,1,,,,,,,,,1,UP,True
2024-12-11,3,282.9834899902344,277.6910705566406,0,0.5491,1,1,,,,,,,,,1,UP,False
2024-12-13,3,277.6910705566406,274.2394714355469,0,0.5086,0,1,,,,,,,,,1,UP,False
2024-12-16,3,274.2394714355469,269.6833801269531,0,0.4923,0,1,,,,,,,,,0,DOWN,True
2024-12-17,3,269.6833801269531,265.357421875,0,0.5309,0,1,,,,,,,,,1,UP,False
2024-12-18,3,265.357421875,271.1100158691406,1,0.4942,0,0,,,,,,,,,0,DOWN,False
2024-12-19,3,271.1100158691406,266.09375,0,0.4859,0,0,,,,,,,,,0,DOWN,True
2024-12-23,3,266.09375,268.7629699707031,1,0.5153,1,1,,,,,,,,,1,UP,True
2024-12-24,3,268.7629699707031,269.17718505859375,1,0.5134,0,1,,,,,,,,,1,UP,True
2024-12-31,3,269.17718505859375,271.8003234863281,1,0.5,0,1,,,,,,,,,1,UP,True
2025-01-01,3,271.8003234863281,272.8128356933594,1,0.4999,0,1,,,,,,,,,0,DOWN,False
2025-01-03,3,272.8128356933594,262.1819763183594,0,0.555,1,1,,,,,,,,,1,UP,False
2025-01-06,3,262.1819763183594,260.2950744628906,0,0.5294,1,1,,,,,,,,,1,UP,False
2025-01-07,3,260.2950744628906,263.976806640625,1,0.5552,1,1,,,,,,,,,1,UP,True
2025-01-08,3,263.976806640625,257.7179260253906,0,0.5651,1,1,,,,,,,,,1,UP,False
2025-01-09,3,257.7179260253906,244.18771362304688,0,0.568,1,1,,,,,,,,,1,UP,False
2025-01-13,3,244.18771362304688,248.69781494140625,1,0.5067,0,1,,,,,,,,,1,UP,True
2025-01-14,3,248.69781494140625,245.66038513183594,0,0.4639,1,1,,,,,,,,,0,DOWN,True
2025-01-16,3,245.66038513183594,251.82720947265625,1,0.5282,1,1,,,,,,,,,1,UP,True
2025-01-17,3,251.82720947265625,255.2327880859375,1,0.5451,1,1,,,,,,,,,1,UP,True
2025-01-20,3,255.2327880859375,255.50894165039062,1,0.5813,1,1,,,,,,,,,1,UP,True
2025-01-22,3,255.50894165039062,249.6642303466797,0,0.5135,0,1,,,,,,,,,1,UP,False
2025-01-23,3,249.6642303466797,242.8070831298828,0,0.5423,1,1,,,,,,,,,1,UP,False
2025-01-24,3,242.8070831298828,240.5060272216797,0,0.5638,1,1,,,,,,,,,1,UP,False
2025-01-27,3,240.5060272216797,237.51467895507812,0,0.5144,0,1,,,,,,,,,1,UP,False
2025-01-28,3,237.51467895507812,241.3629608154297,1,0.5723,1,1,,,,,,,,,1,UP,True
2025-01-30,3,241.3629608154297,245.07046508789062,1,0.5711,1,1,,,,,,,,,1,UP,True
2025-01-31,3,245.07046508789062,239.95504760742188,0,0.5088,1,1,,,,,,,,,1,UP,False
2025-02-01,3,239.95504760742188,234.22955322265625,0,0.5482,1,1,,,,,,,,,1,UP,False
2025-02-03,3,234.22955322265625,240.2366485595703,1,0.5298,0,1,,,,,,,,,1,UP,True
2025-02-04,3,240.2366485595703,245.2112579345703,1,0.5347,0,1,,,,,,,,,1,UP,True
2025-02-05,3,245.2112579345703,246.4314422607422,1,0.5731,1,1,,,,,,,,,1,UP,True
2025-02-06,3,246.4314422607422,248.07400512695312,1,0.5575,1,1,,,,,,,,,1,UP,True
2025-02-07,3,248.07400512695312,243.9441375732422,0,0.5547,1,1,,,,,,,,,1,UP,False
2025-02-10,3,243.9441375732422,240.04891967773438,0,0.4799,0,0,,,,,,,,,0,DOWN,True
2025-02-13,3,240.04891967773438,235.5905303955078,0,0.5237,1,1,,,,,,,,,1,UP,False
2025-02-14,3,235.5905303955078,239.9081268310547,1,0.523,0,1,,,,,,,,,1,UP,True
2025-02-19,3,239.9081268310547,242.7239532470703,1,0.5487,1,1,,,,,,,,,1,UP,True
2025-02-20,3,242.7239532470703,235.5905303955078,0,0.5643,1,1,,,,,,,,,1,UP,False
2025-02-24,3,235.5905303955078,222.7316131591797,0,0.5086,0,1,,,,,,,,,1,UP,False
2025-02-28,3,222.7316131591797,227.52789306640625,1,0.5239,0,1,,,,,,,,,1,UP,True
2025-03-03,3,227.52789306640625,234.57684326171875,1,0.5335,1,1,,,,,,,,,1,UP,True
2025-03-04,3,234.57684326171875,240.1333770751953,1,0.47,0,0,,,,,,,,,0,DOWN,False
2025-03-05,3,240.1333770751953,248.7686004638672,1,0.4854,1,1,,,,,,,,,0,DOWN,False
2025-03-06,3,248.7686004638672,245.2206573486328,0,0.4731,0,1,,,,,,,,,0,DOWN,True
2025-03-07,3,245.2206573486328,241.15646362304688,0,0.5446,0,1,,,,,,,,,1,UP,False
2025-03-10,3,241.15646362304688,248.33682250976562,1,0.4826,0,1,,,,,,,,,0,DOWN,False
2025-03-11,3,248.33682250976562,249.97003173828125,1,0.4796,1,1,,,,,,,,,0,DOWN,False
2025-03-12,3,249.97003173828125,248.17724609375,0,0.5672,1,1,,,,,,,,,1,UP,False
2025-03-13,3,248.17724609375,245.37081909179688,0,0.425,0,0,,,,,,,,,0,DOWN,True
2025-03-18,3,245.37081909179688,248.97509765625,1,0.5252,1,1,,,,,,,,,1,UP,True
2025-03-19,3,248.97509765625,255.42330932617188,1,0.5821,1,1,,,,,,,,,1,UP,True
2025-03-20,3,255.42330932617188,263.22314453125,1,0.5097,1,1,,,,,,,,,1,UP,True
2025-03-24,3,263.22314453125,261.9747619628906,0,0.5254,0,1,,,,,,,,,1,UP,False
2025-03-25,3,261.9747619628906,256.2492980957031,0,0.4646,0,0,,,,,,,,,0,DOWN,True
2025-03-26,3,256.2492980957031,259.1120300292969,1,0.6067,1,1,,,,,,,,,1,UP,True
2025-03-27,3,259.1120300292969,261.37408447265625,1,0.492,1,1,,,,,,,,,0,DOWN,False
2025-03-28,3,261.37408447265625,269.1926574707031,1,0.5676,1,1,,,,,,,,,1,UP,True
2025-04-03,3,269.1926574707031,262.2939147949219,0,0.4885,1,1,,,,,,,,,0,DOWN,True
2025-04-04,3,262.2939147949219,256.89691162109375,0,0.5389,1,1,,,,,,,,,1,UP,False
2025-04-07,3,256.89691162109375,268.3479309082031,1,0.4943,1,0,,,,,,,,,0,DOWN,False
2025-04-08,3,268.3479309082031,270.2721252441406,1,0.4829,1,1,,,,,,,,,0,DOWN,False
2025-04-09,3,270.2721252441406,280.0335998535156,1,0.4668,0,0,,,,,,,,,0,DOWN,False
2025-04-17,3,280.0335998535156,287.3078308105469,1,0.4674,0,1,,,,,,,,,0,DOWN,False
2025-04-22,3,287.3078308105469,282.00469970703125,0,0.5079,1,1,,,,,,,,,1,UP,False
2025-04-23,3,282.00469970703125,283.4595031738281,1,0.4176,0,0,,,,,,,,,0,DOWN,False
2025-04-24,3,283.4595031738281,277.5462951660156,0,0.4451,0,0,,,,,,,,,0,DOWN,True
2025-04-25,3,277.5462951660156,292.56402587890625,1,0.5451,1,1,,,,,,,,,1,UP,True
2025-04-29,3,292.56402587890625,291.01531982421875,0,0.6084,0,1,,,,,,,,,1,UP,False
2025-04-30,3,291.01531982421875,301.3399963378906,1,0.5927,0,1,,,,,,,,,1,UP,True
2025-05-05,3,301.3399963378906,292.3293762207031,0,0.4622,0,1,,,,,,,,,0,DOWN,True
2025-05-06,3,292.3293762207031,297.44476318359375,1,0.4934,1,1,,,,,,,,,0,DOWN,False
2025-05-07,3,297.44476318359375,288.01177978515625,0,0.4398,0,1,,,,,,,,,0,DOWN,True
2025-05-09,3,288.01177978515625,290.0766906738281,1,0.3984,0,1,,,,,,,,,0,DOWN,False
2025-05-12,3,290.0766906738281,288.0587158203125,0,0.5227,1,1,,,,,,,,,1,UP,False
2025-05-13,3,288.0587158203125,293.31488037109375,1,0.557,1,1,,,,,,,,,1,UP,True
2025-05-14,3,293.31488037109375,297.53863525390625,1,0.5213,1,1,,,,,,,,,1,UP,True
2025-05-15,3,297.53863525390625,300.4483337402344,1,0.5273,1,1,,,,,,,,,1,UP,True
2025-05-16,3,300.4483337402344,297.72637939453125,0,0.5345,0,1,,,,,,,,,1,UP,False
2025-05-19,3,297.72637939453125,293.6903381347656,0,0.5601,1,1,,,,,,,,,1,UP,False
2025-05-20,3,293.6903381347656,296.4592590332031,1,0.4871,1,1,,,,,,,,,0,DOWN,False
2025-05-21,3,296.4592590332031,293.83111572265625,0,0.5397,0,1,,,,,,,,,1,UP,False
2025-05-22,3,293.83111572265625,299.322021484375,1,0.4141,0,1,,,,,,,,,0,DOWN,False
2025-05-23,3,299.322021484375,303.1233825683594,1,0.465,0,0,,,,,,,,,0,DOWN,False
2025-05-26,3,303.1233825683594,301.9500732421875,0,0.4997,0,1,,,,,,,,,0,DOWN,True
2025-05-28,3,301.9500732421875,298.8526916503906,0,0.5091,0,1,,,,,,,,,1,UP,False
2025-05-30,3,298.8526916503906,297.1632080078125,0,0.4933,0,1,,,,,,,,,0,DOWN,True
2025-06-02,3,297.1632080078125,290.7337341308594,0,0.502,0,0,,,,,,,,,1,UP,False
2025-06-03,3,290.7337341308594,292.4232177734375,1,0.5179,0,1,,,,,,,,,1,UP,True
2025-06-04,3,292.4232177734375,290.7806701660156,0,0.5446,0,1,,,,,,,,,1,UP,False
2025-06-05,3,290.7806701660156,297.2570495605469,1,0.5216,1,1,,,,,,,,,1,UP,True
2025-06-06,3,297.2570495605469,300.4483337402344,1,0.5345,1,1,,,,,,,,,1,UP,True
2025-06-10,3,300.4483337402344,313.35418701171875,1,0.5092,0,1,,,,,,,,,1,UP,True
2025-06-11,3,313.35418701171875,299.0873718261719,0,0.4735,0,0,,,,,,,,,0,DOWN,True
2025-06-12,3,299.0873718261719,293.1271667480469,0,0.5085,0,1,,,,,,,,,1,UP,False
2025-06-13,3,293.1271667480469,296.9754638671875,1,0.5227,1,1,,,,,,,,,1,UP,True
2025-06-16,3,296.9754638671875,293.5964660644531,0,0.4604,0,0,,,,,,,,,0,DOWN,True
2025-06-17,3,293.5964660644531,296.4592590332031,1,0.5388,1,1,,,,,,,,,1,UP,True
2025-06-18,3,296.4592590332031,294.20660400390625,0,0.4475,0,0,,,,,,,,,0,DOWN,True
2025-06-23,3,294.20660400390625,299.97900390625,1,0.5349,1,1,,,,,,,,,1,UP,True
2025-06-25,3,299.97900390625,309.5058898925781,1,0.5004,0,1,,,,,,,,,1,UP,True
2025-06-26,3,309.5058898925781,311.1484680175781,1,0.5014,0,0,,,,,,,,,1,UP,True
2025-07-03,3,311.1484680175781,324.94598388671875,1,0.448,0,0,,,,,,,,,0,DOWN,False
2025-07-04,3,324.94598388671875,333.7688903808594,1,0.476,0,1,,,,,,,,,0,DOWN,False
2025-07-08,3,333.7688903808594,327.1047668457031,0,0.5029,1,1,,,,,,,,,1,UP,False
2025-07-09,3,327.1047668457031,329.4043884277344,1,0.5542,1,1,,,,,,,,,1,UP,True
2025-07-10,3,329.4043884277344,323.2565002441406,0,0.4779,0,1,,,,,,,,,0,DOWN,True
2025-07-14,3,323.2565002441406,325.46221923828125,1,0.4301,0,0,,,,,,,,,0,DOWN,False
2025-07-17,3,325.46221923828125,321.5670166015625,0,0.4599,0,0,,,,,,,,,0,DOWN,True
2025-07-21,3,321.5670166015625,319.45513916015625,0,0.4848,0,0,,,,,,,,,0,DOWN,True
2025-07-22,3,319.45513916015625,323.3034362792969,1,0.4946,0,1,,,,,,,,,0,DOWN,False
2025-07-23,3,323.3034362792969,320.4406433105469,0,0.5041,0,1,,,,,,,,,1,UP,False
2025-07-24,3,320.4406433105469,312.9317932128906,0,0.5267,1,1,,,,,,,,,1,UP,False
2025-07-28,3,312.9317932128906,314.3866882324219,1,0.4548,0,0,,,,,,,,,0,DOWN,False
2025-07-29,3,314.3866882324219,316.35772705078125,1,0.5259,0,1,,,,,,,,,1,UP,True
2025-04-03,4,269.1926574707031,262.2939147949219,0,0.5,1,1,,,,,,,,,1,UP,False
2025-04-04,4,262.2939147949219,256.89691162109375,0,0.532,1,1,,,,,,,,,1,UP,False
2025-04-07,4,256.89691162109375,268.3479309082031,1,0.5191,1,1,,,,,,,,,1,UP,True
2025-04-08,4,268.3479309082031,270.2721252441406,1,0.5162,0,1,,,,,,,,,1,UP,True
2025-04-09,4,270.2721252441406,280.0335998535156,1,0.4891,0,0,,,,,,,,,0,DOWN,False
2025-04-17,4,280.0335998535156,287.3078308105469,1,0.5082,1,1,,,,,,,,,1,UP,True
2025-04-22,4,287.3078308105469,282.00469970703125,0,0.4887,0,1,,,,,,,,,0,DOWN,True
2025-04-23,4,282.00469970703125,283.4595031738281,1,0.5047,0,1,,,,,,,,,1,UP,True
2025-04-24,4,283.4595031738281,277.5462951660156,0,0.508,0,1,,,,,,,,,1,UP,False
2025-04-25,4,277.5462951660156,292.56402587890625,1,0.5173,0,1,,,,,,,,,1,UP,True
2025-04-29,4,292.56402587890625,291.01531982421875,0,0.5027,0,0,,,,,,,,,1,UP,False
2025-04-30,4,291.01531982421875,301.3399963378906,1,0.5069,0,1,,,,,,,,,1,UP,True
2025-05-05,4,301.3399963378906,292.3293762207031,0,0.5345,1,1,,,,,,,,,1,UP,False
2025-05-06,4,292.3293762207031,297.44476318359375,1,0.5063,0,1,,,,,,,,,1,UP,True
2025-05-07,4,297.44476318359375,288.01177978515625,0,0.5128,1,1,,,,,,,,,1,UP,False
2025-05-09,4,288.01177978515625,290.0766906738281,1,0.5032,0,1,,,,,,,,,1,UP,True
2025-05-12,4,290.0766906738281,288.0587158203125,0,0.5124,1,1,,,,,,,,,1,UP,False
2025-05-13,4,288.0587158203125,293.31488037109375,1,0.5245,1,1,,,,,,,,,1,UP,True
2025-05-14,4,293.31488037109375,297.53863525390625,1,0.521,1,1,,,,,,,,,1,UP,True
2025-05-15,4,297.53863525390625,300.4483337402344,1,0.5223,1,1,,,,,,,,,1,UP,True
2025-05-16,4,300.4483337402344,297.72637939453125,0,0.5046,0,1,,,,,,,,,1,UP,False
2025-05-19,4,297.72637939453125,293.6903381347656,0,0.5052,0,1,,,,,,,,,1,UP,False
2025-05-20,4,293.6903381347656,296.4592590332031,1,0.5217,1,1,,,,,,,,,1,UP,True
2025-05-21,4,296.4592590332031,293.83111572265625,0,0.4852,0,0,,,,,,,,,0,DOWN,True
2025-05-22,4,293.83111572265625,299.322021484375,1,0.4736,0,0,,,,,,,,,0,DOWN,False
2025-05-23,4,299.322021484375,303.1233825683594,1,0.508,0,1,,,,,,,,,1,UP,True
2025-05-26,4,303.1233825683594,301.9500732421875,0,0.5207,1,1,,,,,,,,,1,UP,False
2025-05-28,4,301.9500732421875,298.8526916503906,0,0.5065,0,1,,,,,,,,,1,UP,False
2025-05-30,4,298.8526916503906,297.1632080078125,0,0.5164,1,1,,,,,,,,,1,UP,False
2025-06-02,4,297.1632080078125,290.7337341308594,0,0.4995,0,1,,,,,,,,,0,DOWN,True
2025-06-03,4,290.7337341308594,292.4232177734375,1,0.507,0,1,,,,,,,,,1,UP,True
2025-06-04,4,292.4232177734375,290.7806701660156,0,0.5056,0,0,,,,,,,,,1,UP,False
2025-06-05,4,290.7806701660156,297.2570495605469,1,0.5297,0,1,,,,,,,,,1,UP,True
2025-06-06,4,297.2570495605469,300.4483337402344,1,0.5042,1,1,,,,,,,,,1,UP,True
2025-06-10,4,300.4483337402344,313.35418701171875,1,0.5023,0,1,,,,,,,,,1,UP,True
2025-06-11,4,313.35418701171875,299.0873718261719,0,0.5033,0,1,,,,,,,,,1,UP,False
2025-06-12,4,299.0873718261719,293.1271667480469,0,0.5298,0,1,,,,,,,,,1,UP,False
2025-06-13,4,293.1271667480469,296.9754638671875,1,0.5047,1,0,,,,,,,,,1,UP,True
2025-06-16,4,296.9754638671875,293.5964660644531,0,0.4988,0,1,,,,,,,,,0,DOWN,True
2025-06-17,4,293.5964660644531,296.4592590332031,1,0.5468,0,1,,,,,,,,,1,UP,True
2025-06-18,4,296.4592590332031,294.20660400390625,0,0.509,0,1,,,,,,,,,1,UP,False
2025-06-23,4,294.20660400390625,299.97900390625,1,0.5067,0,0,,,,,,,,,1,UP,True
2025-06-25,4,299.97900390625,309.5058898925781,1,0.5478,1,1,,,,,,,,,1,UP,True
2025-06-26,4,309.5058898925781,311.1484680175781,1,0.5202,0,1,,,,,,,,,1,UP,True
2025-07-03,4,311.1484680175781,324.94598388671875,1,0.4867,0,0,,,,,,,,,0,DOWN,False
2025-07-04,4,324.94598388671875,333.7688903808594,1,0.4738,0,1,,,,,,,,,0,DOWN,False
2025-07-08,4,333.7688903808594,327.1047668457031,0,0.5102,0,1,,,,,,,,,1,UP,False
2025-07-09,4,327.1047668457031,329.4043884277344,1,0.5243,0,1,,,,,,,,,1,UP,True
2025-07-10,4,329.4043884277344,323.2565002441406,0,0.4607,0,0,,,,,,,,,0,DOWN,True
2025-07-14,4,323.2565002441406,325.46221923828125,1,0.4595,0,0,,,,,,,,,0,DOWN,False
2025-07-17,4,325.46221923828125,321.5670166015625,0,0.5073,0,1,,,,,,,,,1,UP,False
2025-07-21,4,321.5670166015625,319.45513916015625,0,0.4823,0,0,,,,,,,,,0,DOWN,True
2025-07-22,4,319.45513916015625,323.3034362792969,1,0.4927,0,0,,,,,,,,,0,DOWN,False
2025-07-23,4,323.3034362792969,320.4406433105469,0,0.4847,0,0,,,,,,,,,0,DOWN,True
2025-07-24,4,320.4406433105469,312.9317932128906,0,0.51,0,1,,,,,,,,,1,UP,False
2025-07-28,4,312.9317932128906,314.3866882324219,1,0.4657,0,0,,,,,,,,,0,DOWN,False
2025-07-29,4,314.3866882324219,316.35772705078125,1,0.5152,1,1,,,,,,,,,1,UP,True
2025-07-30,4,316.35772705078125,313.7376708984375,0,0.5183,1,1,,,,,,,,,1,UP,False
2025-07-31,4,313.7376708984375,302.82879638671875,0,0.5172,1,1,,,,,,,,,1,UP,False
2025-08-04,4,302.82879638671875,300.82806396484375,0,0.5229,0,1,,,,,,,,,1,UP,False
2025-08-06,4,300.82806396484375,295.6832275390625,0,0.5066,1,1,,,,,,,,,1,UP,False
2025-08-07,4,295.6832275390625,304.3531799316406,1,0.5079,0,1,,,,,,,,,1,UP,True
2025-08-08,4,304.3531799316406,305.78228759765625,1,0.4969,1,1,,,,,,,,,0,DOWN,False
2025-08-11,4,305.78228759765625,307.259033203125,1,0.4943,1,1,,,,,,,,,0,DOWN,False
2025-08-13,4,307.259033203125,303.0193176269531,0,0.5027,1,1,,,,,,,,,1,UP,False
2025-08-14,4,303.0193176269531,306.2586669921875,0,0.5293,0,1,,,,,,,,,1,UP,False
2025-08-19,4,306.2586669921875,304.8295593261719,0,0.5,0,1,,,,,,,,,1,UP,False
2025-08-21,4,304.8295593261719,300.87567138671875,0,0.4614,0,0,,,,,,,,,0,DOWN,True
2025-08-25,4,300.87567138671875,297.35052490234375,0,0.5072,0,1,,,,,,,,,1,UP,False
2025-08-26,4,297.35052490234375,293.6348571777344,0,0.5018,1,1,,,,,,,,,1,UP,False
2025-08-29,4,293.6348571777344,299.9705810546875,1,0.4946,0,1,,,,,,,,,0,DOWN,False
2025-09-03,4,299.9705810546875,297.73162841796875,0,0.5084,1,1,,,,,,,,,1,UP,False
2025-09-05,4,297.73162841796875,301.4949645996094,1,0.4985,0,1,,,,,,,,,0,DOWN,False
2025-09-08,4,301.4949645996094,299.1131286621094,0,0.4779,0,1,,,,,,,,,0,DOWN,True
2025-09-09,4,299.1131286621094,302.924072265625,1,0.4994,0,1,,,,,,,,,0,DOWN,False
2025-09-10,4,302.924072265625,304.877197265625,1,0.4684,0,0,,,,,,,,,0,DOWN,False
2025-09-11,4,304.877197265625,303.20989990234375,0,0.5021,0,1,,,,,,,,,1,UP,False
2025-09-16,4,303.20989990234375,308.2593994140625,1,0.494,0,0,,,,,,,,,0,DOWN,False
2025-09-17,4,308.2593994140625,310.3078308105469,1,0.4934,0,0,,,,,,,,,0,DOWN,False
2025-09-18,4,310.3078308105469,313.975830078125,1,0.5022,1,0,,,,,,,,,1,UP,True
2025-09-19,4,313.975830078125,310.02197265625,0,0.5265,1,1,,,,,,,,,1,UP,False
2025-09-22,4,310.02197265625,314.07110595703125,1,0.5062,1,1,,,,,,,,,1,UP,True
2025-09-25,4,314.07110595703125,309.0216064453125,0,0.5009,0,1,,,,,,,,,1,UP,False
2025-09-26,4,309.0216064453125,322.121826171875,1,0.5125,0,1,,,,,,,,,1,UP,True
2025-09-29,4,322.121826171875,323.6462097167969,1,0.4904,0,0,,,,,,,,,0,DOWN,False
2025-10-01,4,323.6462097167969,327.36187744140625,1,0.5019,0,1,,,,,,,,,1,UP,True
2025-10-06,4,327.36187744140625,325.7422180175781,0,0.485,1,0,,,,,,,,,0,DOWN,True
2025-10-07,4,325.7422180175781,327.74298095703125,1,0.4848,0,1,,,,,,,,,0,DOWN,False
2025-10-09,4,327.74298095703125,321.9789123535156,0,0.5058,0,1,,,,,,,,,1,UP,False
2025-10-13,4,321.9789123535156,316.73883056640625,0,0.4739,1,0,,,,,,,,,0,DOWN,True
2025-10-14,4,316.73883056640625,321.9312438964844,1,0.515,0,1,,,,,,,,,1,UP,True
2025-10-15,4,321.9312438964844,319.9781188964844,0,0.4876,1,0,,,,,,,,,0,DOWN,True
2025-10-17,4,319.9781188964844,323.0268859863281,1,0.4838,0,0,,,,,,,,,0,DOWN,False
2025-10-21,4,323.0268859863281,314.8333435058594,0,0.4917,0,1,,,,,,,,,0,DOWN,True
2025-10-24,4,314.8333435058594,326.7902526855469,1,0.4981,1,0,,,,,,,,,0,DOWN,False
2025-10-27,4,326.7902526855469,324.55126953125,0,0.5108,0,1,,,,,,,,,1,UP,False
2025-10-28,4,324.55126953125,331.6492004394531,1,0.503,0,1,,,,,,,,,1,UP,True
2025-10-29,4,331.6492004394531,339.93804931640625,1,0.5002,0,1,,,,,,,,,1,UP,True
2025-10-31,4,339.93804931640625,349.94183349609375,1,0.5145,1,1,,,,,,,,,1,UP,True
2025-11-03,4,349.94183349609375,355.3248596191406,1,0.5198,0,1,,,,,,,,,1,UP,True
2025-11-04,4,355.3248596191406,357.0773010253906,0,0.4978,0,1,,,,,,,,,0,DOWN,True
2025-11-07,4,357.0773010253906,355.1321716308594,0,0.5138,1,1,,,,,,,,,1,UP,False
2025-11-10,4,355.1321716308594,364.663330078125,1,0.5051,0,1,,,,,,,,,1,UP,True
2025-11-13,4,364.663330078125,360.9675598144531,0,0.4878,0,0,,,,,,,,,0,DOWN,True
2025-11-14,4,360.9675598144531,363.9825134277344,1,0.523,0,1,,,,,,,,,1,UP,True
2025-11-17,4,363.9825134277344,361.64837646484375,0,0.5137,0,1,,,,,,,,,1,UP,False
2025-11-18,4,361.64837646484375,354.5486145019531,0,0.5069,0,1,,,,,,,,,1,UP,False
2025-11-21,4,354.5486145019531,349.7830505371094,0,0.5154,0,1,,,,,,,,,1,UP,False
2025-11-24,4,349.7830505371094,346.0873107910156,0,0.488,0,0,,,,,,,,,0,DOWN,True
2025-11-25,4,346.0873107910156,357.5635681152344,1,0.4895,0,0,,,,,,,,,0,DOWN,False
2025-11-26,4,357.5635681152344,354.69451904296875,0,0.4973,0,1,,,,,,,,,0,DOWN,True
2025-11-27,4,354.69451904296875,344.2880859375,0,0.5112,0,1,,,,,,,,,1,UP,False
2025-12-01,4,344.2880859375,348.5673522949219,1,0.4916,0,1,,,,,,,,,0,DOWN,False
2025-12-03,4,348.5673522949219,346.23321533203125,0,0.4626,0,0,,,,,,,,,0,DOWN,True
2025-07-30,5,316.35772705078125,313.7376708984375,0,0.4258,0,1,,,,,,,,,0,DOWN,True
2025-07-31,5,313.7376708984375,302.82879638671875,0,0.4637,0,1,,,,,,,,,0,DOWN,True
2025-08-04,5,302.82879638671875,300.82806396484375,0,0.5598,1,1,,,,,,,,,1,UP,False
2025-08-06,5,300.82806396484375,295.6832275390625,0,0.6334,1,1,,,,,,,,,1,UP,False
2025-08-07,5,295.6832275390625,304.3531799316406,1,0.5785,0,1,,,,,,,,,1,UP,True
2025-08-08,5,304.3531799316406,305.78228759765625,1,0.6191,1,1,,,,,,,,,1,UP,True
2025-08-11,5,305.78228759765625,307.259033203125,1,0.529,1,1,,,,,,,,,1,UP,True
2025-08-13,5,307.259033203125,303.0193176269531,0,0.5225,1,1,,,,,,,,,1,UP,False
2025-08-14,5,303.0193176269531,306.2586669921875,0,0.5995,1,1,,,,,,,,,1,UP,False
2025-08-19,5,306.2586669921875,304.8295593261719,0,0.4968,1,1,,,,,,,,,0,DOWN,True
2025-08-21,5,304.8295593261719,300.87567138671875,0,0.3594,0,1,,,,,,,,,0,DOWN,True
2025-08-25,5,300.87567138671875,297.35052490234375,0,0.5082,0,1,,,,,,,,,1,UP,False
2025-08-26,5,297.35052490234375,293.6348571777344,0,0.4538,0,1,,,,,,,,,0,DOWN,True
2025-08-29,5,293.6348571777344,299.9705810546875,1,0.5035,0,1,,,,,,,,,1,UP,True
2025-09-03,5,299.9705810546875,297.73162841796875,0,0.5384,1,1,,,,,,,,,1,UP,False
2025-09-05,5,297.73162841796875,301.4949645996094,1,0.4948,0,1,,,,,,,,,0,DOWN,False
2025-09-08,5,301.4949645996094,299.1131286621094,0,0.5049,0,1,,,,,,,,,1,UP,False
2025-09-09,5,299.1131286621094,302.924072265625,1,0.6027,0,1,,,,,,,,,1,UP,True
2025-09-10,5,302.924072265625,304.877197265625,1,0.4138,0,1,,,,,,,,,0,DOWN,False
2025-09-11,5,304.877197265625,303.20989990234375,0,0.6184,0,1,,,,,,,,,1,UP,False
2025-09-16,5,303.20989990234375,308.2593994140625,1,0.547,1,1,,,,,,,,,1,UP,True
2025-09-17,5,308.2593994140625,310.3078308105469,1,0.5569,1,1,,,,,,,,,1,UP,True
2025-09-18,5,310.3078308105469,313.975830078125,1,0.4613,1,1,,,,,,,,,0,DOWN,False
2025-09-19,5,313.975830078125,310.02197265625,0,0.4004,0,1,,,,,,,,,0,DOWN,True
2025-09-22,5,310.02197265625,314.07110595703125,1,0.4812,1,1,,,,,,,,,0,DOWN,False
2025-09-25,5,314.07110595703125,309.0216064453125,0,0.3547,0,1,,,,,,,,,0,DOWN,True
2025-09-26,5,309.0216064453125,322.121826171875,1,0.5103,0,1,,,,,,,,,1,UP,True
2025-09-29,5,322.121826171875,323.6462097167969,1,0.465,0,1,,,,,,,,,0,DOWN,False
2025-10-01,5,323.6462097167969,327.36187744140625,1,0.5377,1,1,,,,,,,,,1,UP,True
2025-10-06,5,327.36187744140625,325.7422180175781,0,0.3789,0,1,,,,,,,,,0,DOWN,True
2025-10-07,5,325.7422180175781,327.74298095703125,1,0.3925,0,1,,,,,,,,,0,DOWN,False
2025-10-09,5,327.74298095703125,321.9789123535156,0,0.4766,0,1,,,,,,,,,0,DOWN,True
2025-10-13,5,321.9789123535156,316.73883056640625,0,0.5238,0,1,,,,,,,,,1,UP,False
2025-10-14,5,316.73883056640625,321.9312438964844,1,0.5689,1,1,,,,,,,,,1,UP,True
2025-10-15,5,321.9312438964844,319.9781188964844,0,0.5056,1,1,,,,,,,,,1,UP,False
2025-10-17,5,319.9781188964844,323.0268859863281,1,0.4244,0,1,,,,,,,,,0,DOWN,False
2025-10-21,5,323.0268859863281,314.8333435058594,0,0.3659,0,1,,,,,,,,,0,DOWN,True
2025-10-24,5,314.8333435058594,326.7902526855469,1,0.4867,1,1,,,,,,,,,0,DOWN,False
2025-10-27,5,326.7902526855469,324.55126953125,0,0.4542,0,1,,,,,,,,,0,DOWN,True
2025-10-28,5,324.55126953125,331.6492004394531,1,0.4502,0,1,,,,,,,,,0,DOWN,False
2025-10-29,5,331.6492004394531,339.93804931640625,1,0.4254,1,1,,,,,,,,,0,DOWN,False
2025-10-31,5,339.93804931640625,349.94183349609375,1,0.4803,0,1,,,,,,,,,0,DOWN,False
2025-11-03,5,349.94183349609375,355.3248596191406,1,0.4222,0,1,,,,,,,,,0,DOWN,False
2025-11-04,5,355.3248596191406,357.0773010253906,0,0.3409,0,1,,,,,,,,,0,DOWN,True
2025-11-07,5,357.0773010253906,355.1321716308594,0,0.6428,0,1,,,,,,,,,1,UP,False
2025-11-10,5,355.1321716308594,364.663330078125,1,0.5943,0,1,,,,,,,,,1,UP,True
2025-11-13,5,364.663330078125,360.9675598144531,0,0.4517,1,1,,,,,,,,,0,DOWN,True
2025-11-14,5,360.9675598144531,363.9825134277344,1,0.598,0,1,,,,,,,,,1,UP,True
2025-11-17,5,363.9825134277344,361.64837646484375,0,0.5314,0,1,,,,,,,,,1,UP,False
2025-11-18,5,361.64837646484375,354.5486145019531,0,0.6519,1,1,,,,,,,,,1,UP,False
2025-11-21,5,354.5486145019531,349.7830505371094,0,0.5496,0,1,,,,,,,,,1,UP,False
2025-11-24,5,349.7830505371094,346.0873107910156,0,0.3978,0,1,,,,,,,,,0,DOWN,True
2025-11-25,5,346.0873107910156,357.5635681152344,1,0.482,0,1,,,,,,,,,0,DOWN,False
2025-11-26,5,357.5635681152344,354.69451904296875,0,0.525,1,1,,,,,,,,,1,UP,False
2025-11-27,5,354.69451904296875,344.2880859375,0,0.4538,1,1,,,,,,,,,0,DOWN,True
2025-12-01,5,344.2880859375,348.5673522949219,1,0.4295,0,1,,,,,,,,,0,DOWN,False
2025-12-03,5,348.5673522949219,346.23321533203125,0,0.3793,0,1,,,,,,,,,0,DOWN,True
2025-12-04,5,346.23321533203125,350.41522216796875,1,0.4591,0,1,,,,,,,,,0,DOWN,False
2025-12-05,5,350.41522216796875,347.74066162109375,0,0.3923,0,1,,,,,,,,,0,DOWN,True
2025-12-08,5,347.74066162109375,345.4065246582031,0,0.4543,0,1,,,,,,,,,0,DOWN,True
2025-12-10,5,345.4065246582031,341.6621398925781,0,0.4221,1,1,,,,,,,,,0,DOWN,True
2025-12-11,5,341.6621398925781,355.034912109375,1,0.4496,0,1,,,,,,,,,0,DOWN,False
2025-12-12,5,355.034912109375,358.244384765625,1,0.4982,1,1,,,,,,,,,0,DOWN,False
2025-12-17,5,358.244384765625,353.3815612792969,0,0.5435,0,1,,,,,,,,,1,UP,False
2025-12-18,5,353.3815612792969,355.9102478027344,1,0.3834,0,1,,,,,,,,,0,DOWN,False
2025-12-19,5,355.9102478027344,359.84912109375,1,0.5245,0,1,,,,,,,,,1,UP,True
2025-12-23,5,359.84912109375,361.40521240234375,0,0.4604,0,1,,,,,,,,,0,DOWN,True
2025-12-29,5,361.40521240234375,359.3628234863281,0,0.4861,1,1,,,,,,,,,0,DOWN,True
2025-12-30,5,359.3628234863281,373.46502685546875,1,0.5864,1,1,,,,,,,,,1,UP,True
2025-12-31,5,373.46502685546875,367.5323791503906,0,0.4356,1,1,,,,,,,,,0,DOWN,True
2026-01-05,5,367.5323791503906,360.6271667480469,0,0.4674,0,1,,,,,,,,,0,DOWN,True
2026-01-06,5,360.6271667480469,358.0985107421875,0,0.4863,1,1,,,,,,,,,0,DOWN,True
2026-01-07,5,358.0985107421875,344.4339599609375,0,0.3785,0,1,,,,,,,,,0,DOWN,True
2026-01-09,5,344.4339599609375,348.9077453613281,1,0.4937,1,1,,,,,,,,,0,DOWN,False
2026-01-12,5,348.9077453613281,345.35791015625,0,0.4911,0,1,,,,,,,,,0,DOWN,True
2026-01-13,5,345.35791015625,347.1084899902344,1,0.5032,0,1,,,,,,,,,1,UP,True
2026-01-15,5,347.1084899902344,351.33917236328125,1,0.5455,0,1,,,,,,,,,1,UP,True
2026-01-19,5,351.33917236328125,342.2943115234375,0,0.5626,1,1,,,,,,,,,1,UP,False
2026-01-21,5,342.2943115234375,344.4339599609375,1,0.5103,1,1,,,,,,,,,1,UP,True
2026-01-22,5,344.4339599609375,352.40899658203125,0,0.4143,0,1,,,,,,,,,0,DOWN,True
2026-01-28,5,352.40899658203125,356.8828125,1,0.5625,1,1,,,,,,,,,1,UP,True
2026-01-29,5,356.8828125,354.5,0,0.56,1,1,,,,,,,,,1,UP,False
2026-01-30,5,354.5,366.70001220703125,1,0.5123,1,1,,,,,,,,,1,UP,True
2026-02-02,5,366.70001220703125,373.45001220703125,1,0.5131,1,1,,,,,,,,,1,UP,True
2026-02-03,5,373.45001220703125,382.04998779296875,1,0.6013,1,1,,,,,,,,,1,UP,True
2026-02-05,5,382.04998779296875,386.3500061035156,1,0.5796,0,1,,,,,,,,,1,UP,True
2026-02-06,5,386.3500061035156,388.29998779296875,1,0.5988,1,1,,,,,,,,,1,UP,True
2026-02-09,5,388.29998779296875,387.6000061035156,0,0.4678,0,1,,,,,,,,,0,DOWN,True
2026-02-11,5,387.6000061035156,377.70001220703125,0,0.579,1,1,,,,,,,,,1,UP,False
2026-02-12,5,377.70001220703125,380.8999938964844,0,0.6127,1,1,,,,,,,,,1,UP,False
2026-02-18,5,380.8999938964844,366.29998779296875,0,0.6243,1,1,,,,,,,,,1,UP,False
2026-02-20,5,366.29998779296875,372.1000061035156,1,0.5648,1,1,,,,,,,,,1,UP,True
2026-02-23,5,372.1000061035156,381.04998779296875,1,0.53,0,1,,,,,,,,,1,UP,True
2026-02-25,5,381.04998779296875,385.3999938964844,1,0.5276,1,1,,,,,,,,,1,UP,True
2026-02-27,5,385.3999938964844,374.79998779296875,0,0.6503,1,1,,,,,,,,,1,UP,False
2026-03-02,5,374.79998779296875,360.3500061035156,0,0.6029,1,1,,,,,,,,,1,UP,False
2026-03-05,5,360.3500061035156,352.75,0,0.4996,0,1,,,,,,,,,0,DOWN,True
2026-03-06,5,352.75,331.1499938964844,0,0.5689,0,1,,,,,,,,,1,UP,False
2026-03-09,5,331.1499938964844,326.3500061035156,0,0.4589,0,1,,,,,,,,,0,DOWN,True
2026-03-12,5,326.3500061035156,319.29998779296875,0,0.6296,1,1,,,,,,,,,1,UP,False
2026-03-13,5,319.29998779296875,304.95001220703125,0,0.5057,0,1,,,,,,,,,1,UP,False
2026-03-16,5,304.95001220703125,300.04998779296875,0,0.5209,1,1,,,,,,,,,1,UP,False
2026-03-17,5,300.04998779296875,303.70001220703125,1,0.5828,0,1,,,,,,,,,1,UP,True
2026-03-18,5,303.70001220703125,286.0,0,0.5609,1,1,,,,,,,,,1,UP,False
2026-03-19,5,286.0,287.79998779296875,1,0.5715,1,1,,,,,,,,,1,UP,True
2026-03-20,5,287.79998779296875,271.29998779296875,0,0.5446,1,1,,,,,,,,,1,UP,False
2026-03-23,5,271.29998779296875,282.25,1,0.5255,1,1,,,,,,,,,1,UP,True
2026-03-24,5,282.25,284.54998779296875,1,0.4902,1,1,,,,,,,,,0,DOWN,False
2026-03-25,5,284.54998779296875,277.45001220703125,0,0.5275,0,1,,,,,,,,,1,UP,False
2026-04-07,5,277.45001220703125,297.3500061035156,1,0.5582,1,1,,,,,,,,,1,UP,True
2026-04-09,5,297.3500061035156,299.3500061035156,1,0.4968,1,1,,,,,,,,,0,DOWN,False
2026-04-10,5,299.3500061035156,390.79998779296875,0,0.5272,1,1,,,,,,,,,1,UP,False
2026-04-16,5,390.79998779296875,318.04998779296875,0,0.5395,0,1,,,,,,,,,1,UP,False
2026-04-21,5,318.04998779296875,,0,0.6496,1,1,,,,,,,,,1,UP,False
2025-12-04,6,346.23321533203125,350.41522216796875,1,0.5164,1,1,,,,,,,,,1,UP,True
2025-12-05,6,350.41522216796875,347.74066162109375,0,0.506,1,1,,,,,,,,,1,UP,False
2025-12-08,6,347.74066162109375,345.4065246582031,0,0.4778,0,0,,,,,,,,,0,DOWN,True
2025-12-10,6,345.4065246582031,341.6621398925781,0,0.4878,0,0,,,,,,,,,0,DOWN,True
2025-12-11,6,341.6621398925781,355.034912109375,1,0.4798,0,0,,,,,,,,,0,DOWN,False
2025-12-12,6,355.034912109375,358.244384765625,1,0.4923,0,1,,,,,,,,,0,DOWN,False
2025-12-17,6,358.244384765625,353.3815612792969,0,0.4875,0,0,,,,,,,,,0,DOWN,True
2025-12-18,6,353.3815612792969,355.9102478027344,1,0.4841,1,0,,,,,,,,,0,DOWN,False
2025-12-19,6,355.9102478027344,359.84912109375,1,0.4758,0,0,,,,,,,,,0,DOWN,False
2025-12-23,6,359.84912109375,361.40521240234375,0,0.4776,0,0,,,,,,,,,0,DOWN,True
2025-12-29,6,361.40521240234375,359.3628234863281,0,0.5232,1,1,,,,,,,,,1,UP,False
2025-12-30,6,359.3628234863281,373.46502685546875,1,0.4877,0,0,,,,,,,,,0,DOWN,False
2025-12-31,6,373.46502685546875,367.5323791503906,0,0.5014,1,1,,,,,,,,,1,UP,False
2026-01-05,6,367.5323791503906,360.6271667480469,0,0.4924,0,1,,,,,,,,,0,DOWN,True
2026-01-06,6,360.6271667480469,358.0985107421875,0,0.5269,1,1,,,,,,,,,1,UP,False
2026-01-07,6,358.0985107421875,344.4339599609375,0,0.5018,0,1,,,,,,,,,1,UP,False
2026-01-09,6,344.4339599609375,348.9077453613281,1,0.4954,0,0,,,,,,,,,0,DOWN,False
2026-01-12,6,348.9077453613281,345.35791015625,0,0.5064,1,1,,,,,,,,,1,UP,False
2026-01-13,6,345.35791015625,347.1084899902344,1,0.5058,1,1,,,,,,,,,1,UP,True
2026-01-15,6,347.1084899902344,351.33917236328125,1,0.5218,0,1,,,,,,,,,1,UP,True
2026-01-19,6,351.33917236328125,342.2943115234375,0,0.5072,0,1,,,,,,,,,1,UP,False
2026-01-21,6,342.2943115234375,344.4339599609375,1,0.5072,0,1,,,,,,,,,1,UP,True
2026-01-22,6,344.4339599609375,352.40899658203125,0,0.5138,1,1,,,,,,,,,1,UP,False
2026-01-28,6,352.40899658203125,356.8828125,1,0.5152,0,1,,,,,,,,,1,UP,True
2026-01-29,6,356.8828125,354.5,0,0.5131,0,1,,,,,,,,,1,UP,False
2026-01-30,6,354.5,366.70001220703125,1,0.5237,1,1,,,,,,,,,1,UP,True
2026-02-02,6,366.70001220703125,373.45001220703125,1,0.5209,0,1,,,,,,,,,1,UP,True
2026-02-03,6,373.45001220703125,382.04998779296875,1,0.502,1,1,,,,,,,,,1,UP,True
2026-02-05,6,382.04998779296875,386.3500061035156,1,0.4793,1,0,,,,,,,,,0,DOWN,False
2026-02-06,6,386.3500061035156,388.29998779296875,1,0.5094,1,1,,,,,,,,,1,UP,True
2026-02-09,6,388.29998779296875,387.6000061035156,0,0.4988,1,0,,,,,,,,,0,DOWN,True
2026-02-11,6,387.6000061035156,377.70001220703125,0,0.5171,1,1,,,,,,,,,1,UP,False
2026-02-12,6,377.70001220703125,380.8999938964844,0,0.5247,1,1,,,,,,,,,1,UP,False
2026-02-18,6,380.8999938964844,366.29998779296875,0,0.5071,1,1,,,,,,,,,1,UP,False
2026-02-20,6,366.29998779296875,372.1000061035156,1,0.5193,0,0,,,,,,,,,1,UP,True
2026-02-23,6,372.1000061035156,381.04998779296875,1,0.5041,0,1,,,,,,,,,1,UP,True
2026-02-25,6,381.04998779296875,385.3999938964844,1,0.4821,0,0,,,,,,,,,0,DOWN,False
2026-02-27,6,385.3999938964844,374.79998779296875,0,0.518,0,1,,,,,,,,,1,UP,False
2026-03-02,6,374.79998779296875,360.3500061035156,0,0.5234,0,1,,,,,,,,,1,UP,False
2026-03-05,6,360.3500061035156,352.75,0,0.5141,0,1,,,,,,,,,1,UP,False
2026-03-06,6,352.75,331.1499938964844,0,0.5045,1,1,,,,,,,,,1,UP,False
2026-03-09,6,331.1499938964844,326.3500061035156,0,0.5349,1,1,,,,,,,,,1,UP,False
2026-03-12,6,326.3500061035156,319.29998779296875,0,0.5432,1,1,,,,,,,,,1,UP,False
2026-03-13,6,319.29998779296875,304.95001220703125,0,0.5072,1,1,,,,,,,,,1,UP,False
2026-03-16,6,304.95001220703125,300.04998779296875,0,0.5105,1,1,,,,,,,,,1,UP,False
2026-03-17,6,300.04998779296875,303.70001220703125,1,0.523,0,1,,,,,,,,,1,UP,True
2026-03-18,6,303.70001220703125,286.0,0,0.5116,0,1,,,,,,,,,1,UP,False
2026-03-19,6,286.0,287.79998779296875,1,0.5055,0,1,,,,,,,,,1,UP,True
2026-03-20,6,287.79998779296875,271.29998779296875,0,0.5186,1,1,,,,,,,,,1,UP,False
2026-03-23,6,271.29998779296875,282.25,1,0.5033,0,1,,,,,,,,,1,UP,True
2026-03-24,6,282.25,284.54998779296875,1,0.5066,1,1,,,,,,,,,1,UP,True
2026-03-25,6,284.54998779296875,277.45001220703125,0,0.5086,1,1,,,,,,,,,1,UP,False
2026-04-07,6,277.45001220703125,297.3500061035156,1,0.4998,0,1,,,,,,,,,0,DOWN,False
2026-04-09,6,297.3500061035156,299.3500061035156,1,0.504,0,1,,,,,,,,,1,UP,True
2026-04-10,6,299.3500061035156,390.79998779296875,0,0.5255,0,1,,,,,,,,,1,UP,False
2026-04-16,6,390.79998779296875,318.04998779296875,0,0.52,1,1,,,,,,,,,1,UP,False
2026-04-21,6,318.04998779296875,,0,0.52,1,1,,,,,,,,,1,UP,False
