date,window_id,close_price,next_close_price,actual,lgbm_pred,xgb_pred,lstm_pred,bilstm_pred,gru_pred,cnn_lstm_pred,cnn_gru_pred,tcn_gru_pred,tcn_transformer_pred,nbeats_pred,ensemble_pred,direction,correct
2024-01-09,1,3196.128662109375,3202.388427734375,1,0,1,,0,,,,,0,1,1,UP,True
2024-01-15,1,3202.388427734375,3171.478759765625,1,1,1,,0,,,,,0,1,1,UP,True
2024-01-17,1,3171.478759765625,3096.698974609375,0,0,1,,1,,,,,0,1,1,UP,False
2024-01-19,1,3096.698974609375,2987.9765625,0,1,0,,1,,,,,0,1,0,DOWN,True
2024-01-23,1,2987.9765625,2884.78076171875,0,1,1,,1,,,,,0,1,1,UP,False
2024-01-25,1,2884.78076171875,2911.044189453125,1,1,1,,1,,,,,1,1,1,UP,True
2024-01-29,1,2911.044189453125,2893.241943359375,0,1,1,,1,,,,,0,1,1,UP,False
2024-01-31,1,2893.241943359375,2872.162841796875,0,1,1,,1,,,,,1,1,1,UP,False
2024-02-02,1,2872.162841796875,2853.62646484375,0,1,1,,1,,,,,1,1,1,UP,False
2024-02-05,1,2853.62646484375,2866.9296875,1,0,1,,1,,,,,1,1,1,UP,True
2024-02-06,1,2866.9296875,2916.03271484375,1,1,1,,1,,,,,1,1,1,UP,True
2024-02-07,1,2916.03271484375,2865.609130859375,0,1,1,,1,,,,,1,1,1,UP,False
2024-02-08,1,2865.609130859375,2889.28076171875,1,1,1,,1,,,,,1,1,0,DOWN,False
2024-02-12,1,2889.28076171875,2911.386962890625,1,1,1,,1,,,,,1,1,1,UP,True
2024-02-14,1,2911.386962890625,2932.613037109375,1,1,0,,1,,,,,1,1,1,UP,True
2024-02-19,1,2932.613037109375,2936.232177734375,1,1,0,,1,,,,,1,1,0,DOWN,False
2024-02-21,1,2936.232177734375,2951.490966796875,1,1,0,,1,,,,,1,1,0,DOWN,False
2024-02-22,1,2951.490966796875,2920.72802734375,0,0,1,,1,,,,,1,1,1,UP,False
2024-02-23,1,2920.72802734375,2797.089111328125,0,0,0,,1,,,,,1,1,0,DOWN,True
2024-02-27,1,2797.089111328125,2733.313232421875,0,1,1,,1,,,,,1,1,1,UP,False
2024-02-28,1,2733.313232421875,2769.896240234375,1,1,1,,1,,,,,1,1,1,UP,True
2024-03-04,1,2769.896240234375,2765.543701171875,0,1,1,,1,,,,,1,1,1,UP,False
2024-03-06,1,2765.543701171875,2813.326416015625,1,1,1,,1,,,,,1,1,1,UP,True
2024-03-12,1,2813.326416015625,2797.676025390625,0,1,1,,1,,,,,1,1,1,UP,False
2024-03-13,1,2797.676025390625,2829.074951171875,1,1,0,,1,,,,,1,1,1,UP,True
2024-03-14,1,2829.074951171875,2804.914306640625,0,1,1,,1,,,,,1,1,1,UP,False
2024-03-15,1,2804.914306640625,2784.32421875,0,1,1,,1,,,,,1,1,1,UP,False
2024-03-18,1,2784.32421875,2759.527587890625,0,1,1,,1,,,,,1,1,1,UP,False
2024-03-21,1,2759.527587890625,2779.433349609375,1,1,1,,1,,,,,1,1,1,UP,True
2024-03-22,1,2779.433349609375,2753.169921875,0,1,1,,1,,,,,1,1,1,UP,False
2024-03-26,1,2753.169921875,2768.673583984375,1,1,1,,1,,,,,1,1,1,UP,True
2024-03-27,1,2768.673583984375,2784.56884765625,1,0,1,,1,,,,,1,1,1,UP,True
2024-03-28,1,2784.56884765625,2806.67529296875,1,1,1,,1,,,,,1,1,1,UP,True
2024-04-03,1,2806.67529296875,2854.555908203125,1,1,0,,1,,,,,1,1,1,UP,True
2024-04-04,1,2854.555908203125,2828.830322265625,0,1,1,,1,,,,,1,1,1,UP,False
2024-04-08,1,2828.830322265625,2794.741455078125,0,1,0,,1,,,,,1,1,1,UP,False
2024-04-09,1,2794.741455078125,2833.4765625,1,1,1,,1,,,,,1,1,1,UP,True
2024-04-10,1,2833.4765625,2782.27001953125,0,1,1,,1,,,,,1,1,1,UP,False
2024-04-15,1,2782.27001953125,2768.1845703125,0,1,1,,1,,,,,1,1,1,UP,False
2024-04-16,1,2768.1845703125,2747.202880859375,0,1,0,,1,,,,,1,1,1,UP,False
2024-04-19,1,2747.202880859375,2779.77587890625,1,1,1,,1,,,,,1,1,1,UP,True
2024-04-22,1,2779.77587890625,2798.94775390625,1,1,1,,1,,,,,1,1,1,UP,True
2024-04-25,1,2798.94775390625,2782.025390625,0,1,0,,1,,,,,1,1,1,UP,False
2024-04-26,1,2782.025390625,2813.081787109375,1,1,0,,1,,,,,1,1,1,UP,True
2024-04-30,1,2813.081787109375,2910.40869140625,1,1,1,,1,,,,,1,1,1,UP,True
2024-05-02,1,2910.40869140625,2868.103515625,0,0,0,,1,,,,,1,1,1,UP,False
2024-05-06,1,2868.103515625,2849.37158203125,0,1,0,,1,,,,,1,1,1,UP,False
2024-05-07,1,2849.37158203125,2781.1943359375,0,1,0,,1,,,,,1,1,0,DOWN,True
2024-05-08,1,2781.1943359375,2650.90380859375,0,1,0,,1,,,,,1,1,0,DOWN,True
2024-05-09,1,2650.90380859375,2710.718017578125,1,1,1,,1,,,,,1,1,1,UP,True
2024-05-10,1,2710.718017578125,2816.358642578125,1,1,1,,1,,,,,1,1,1,UP,True
2024-05-13,1,2816.358642578125,2803.544921875,0,1,0,,1,,,,,1,1,1,UP,False
2024-05-14,1,2803.544921875,2748.5234375,0,1,0,,1,,,,,1,1,1,UP,False
2024-05-17,1,2748.5234375,2789.508056640625,1,1,1,,1,,,,,1,1,1,UP,True
2024-05-21,1,2789.508056640625,2822.716796875,1,1,1,,1,,,,,1,1,1,UP,True
2024-05-22,1,2822.716796875,2840.32373046875,1,1,0,,1,,,,,1,1,1,UP,True
2024-05-23,1,2840.32373046875,2809.560791015625,0,1,0,,1,,,,,1,1,1,UP,False
2024-05-27,1,2809.560791015625,2836.80224609375,1,1,1,,1,,,,,1,1,1,UP,True
2024-05-29,1,2836.80224609375,2818.26611328125,0,1,1,,1,,,,,1,1,1,UP,False
2024-05-31,1,2818.26611328125,2795.230712890625,0,0,0,,1,,,,,1,1,1,UP,False
2024-06-04,1,2795.230712890625,2897.056884765625,1,1,0,,1,,,,,1,1,1,UP,True
2024-06-05,1,2897.056884765625,2841.3505859375,0,1,1,,1,,,,,1,1,1,UP,False
2024-06-06,1,2841.3505859375,2882.372802734375,1,0,0,,1,,,,,1,1,1,UP,True
2024-06-18,1,2882.372802734375,2855.904296875,0,1,1,,1,,,,,1,1,1,UP,False
2024-06-19,1,2855.904296875,2860.20068359375,1,1,1,,1,,,,,1,1,1,UP,True
2024-06-24,1,2860.20068359375,2827.90576171875,0,1,1,,1,,,,,1,1,1,UP,False
2024-06-26,1,2827.90576171875,2845.188720703125,1,1,1,,1,,,,,1,1,1,UP,True
2024-06-27,1,2845.188720703125,2869.039794921875,1,1,1,,1,,,,,1,1,1,UP,True
2024-07-09,1,2869.039794921875,2959.35791015625,1,1,1,,1,,,,,1,1,1,UP,True
2024-07-10,1,2959.35791015625,2984.640869140625,1,0,1,,1,,,,,1,1,1,UP,True
2024-07-11,1,2984.640869140625,2962.0244140625,0,1,1,,1,,,,,1,1,1,UP,False
2024-07-12,1,2962.0244140625,2919.90234375,0,0,0,,1,,,,,1,1,1,UP,False
2024-07-15,1,2919.90234375,2937.630126953125,1,1,1,,1,,,,,1,1,1,UP,True
2024-07-16,1,2937.630126953125,2895.26123046875,0,1,0,,1,,,,,1,1,1,UP,False
2024-07-18,1,2895.26123046875,2897.977294921875,1,0,1,,1,,,,,1,1,1,UP,True
2024-07-22,1,2897.977294921875,2861.23779296875,0,1,0,,1,,,,,1,1,1,UP,False
2024-07-23,1,2861.23779296875,2865.484375,1,1,1,,1,,,,,1,1,1,UP,True
2024-07-25,1,2865.484375,2918.12451171875,1,1,1,,1,,,,,1,1,1,UP,True
2024-07-29,1,2918.12451171875,2967.851318359375,1,1,0,,1,,,,,1,1,1,UP,True
2024-07-30,1,2967.851318359375,3046.2685546875,1,1,1,,1,,,,,1,1,1,UP,True
2024-07-31,1,3046.2685546875,3068.242919921875,1,0,1,,1,,,,,1,1,1,UP,True
2024-08-02,1,3068.242919921875,3063.05810546875,0,1,0,,1,,,,,1,1,1,UP,False
2024-08-07,1,3063.05810546875,2968.197021484375,0,0,0,,1,,,,,1,1,0,DOWN,True
2024-08-08,1,2968.197021484375,3002.961669921875,1,1,0,,0,,,,,1,1,1,UP,True
2024-08-09,1,3002.961669921875,3015.4052734375,1,0,0,,0,,,,,1,1,0,DOWN,False
2024-08-12,1,3015.4052734375,2988.39404296875,0,1,0,,0,,,,,0,1,0,DOWN,True
2024-08-14,1,2988.39404296875,3010.417724609375,1,0,0,,0,,,,,0,1,0,DOWN,False
2024-08-16,1,3010.417724609375,3038.219482421875,1,1,0,,0,,,,,0,1,0,DOWN,False
2024-08-19,1,3038.219482421875,3064.786376953125,1,1,0,,0,,,,,0,1,0,DOWN,False
2024-08-20,1,3064.786376953125,3112.537841796875,1,1,1,,0,,,,,0,1,1,UP,True
2024-08-21,1,3112.537841796875,3147.154052734375,1,1,0,,0,,,,,0,1,1,UP,True
2024-08-22,1,3147.154052734375,3115.599365234375,0,0,1,,0,,,,,0,1,1,UP,False
2024-08-23,1,3115.599365234375,3127.00634765625,1,0,0,,0,,,,,0,1,1,UP,True
2024-08-27,1,3127.00634765625,3088.09423828125,0,0,1,,0,,,,,0,1,1,UP,False
2024-08-30,1,3088.09423828125,3198.164794921875,1,1,1,,0,,,,,0,1,1,UP,True
2024-09-05,1,3198.164794921875,3240.138671875,1,1,1,,1,,,,,0,1,1,UP,True
2024-09-09,1,3240.138671875,3254.261474609375,1,1,1,,0,,,,,0,1,1,UP,True
2024-09-10,1,3254.261474609375,3325.765380859375,1,1,0,,1,,,,,0,1,0,DOWN,False
2024-09-11,1,3325.765380859375,3341.369873046875,1,1,1,,0,,,,,0,1,1,UP,True
2024-09-12,1,3341.369873046875,3316.48193359375,0,1,1,,1,,,,,0,1,1,UP,False
2024-09-13,1,3316.48193359375,3294.50732421875,0,1,1,,0,,,,,0,1,1,UP,False
2024-09-16,1,3294.50732421875,3271.791748046875,0,1,1,,0,,,,,0,1,1,UP,False
2024-09-17,1,3271.791748046875,3234.114013671875,0,1,0,,1,,,,,0,1,1,UP,False
2024-09-18,1,3234.114013671875,3266.01416015625,1,1,1,,1,,,,,0,1,1,UP,True
2024-09-20,1,3266.01416015625,3236.879638671875,0,1,1,,1,,,,,0,1,1,UP,False
2024-09-23,1,3236.879638671875,3204.583984375,0,1,0,,1,,,,,0,1,1,UP,False
2024-09-25,1,3204.583984375,3236.484375,1,1,0,,1,,,,,0,1,1,UP,True
2024-09-26,1,3236.484375,3269.767333984375,1,1,0,,1,,,,,0,1,0,DOWN,False
2024-09-27,1,3269.767333984375,3287.89013671875,1,1,1,,1,,,,,0,1,1,UP,True
2024-09-30,1,3287.89013671875,3236.780517578125,0,1,1,,1,,,,,0,1,1,UP,False
2024-10-01,1,3236.780517578125,3110.315673828125,0,1,0,,1,,,,,0,0,0,DOWN,True
2024-10-03,1,3110.315673828125,3024.343505859375,0,1,0,,1,,,,,0,0,0,DOWN,True
2024-10-07,1,3024.343505859375,3040.738037109375,1,0,1,,1,,,,,0,0,1,UP,True
2024-10-09,1,3040.738037109375,3021.232666015625,0,1,1,,1,,,,,1,1,1,UP,False
2024-10-10,1,3021.232666015625,3001.529296875,0,1,1,,0,,,,,1,1,1,UP,False
2024-10-14,1,3001.529296875,3029.13330078125,1,1,1,,0,,,,,1,0,1,UP,True
2024-10-15,1,3029.13330078125,3043.94775390625,1,1,1,,0,,,,,1,1,1,UP,True
2024-10-16,1,3043.94775390625,3018.0224609375,0,1,1,,0,,,,,1,1,1,UP,False
2024-10-17,1,3018.0224609375,2955.111083984375,0,1,0,,0,,,,,1,1,1,UP,False
2024-10-18,1,2955.111083984375,3011.45458984375,1,1,1,,0,,,,,1,1,1,UP,True
2024-10-21,1,3011.45458984375,2969.629150390625,0,1,1,,0,,,,,1,0,1,UP,False
2024-10-22,1,2969.629150390625,2952.691162109375,0,1,1,,0,,,,,1,1,1,UP,False
2024-10-23,1,2952.691162109375,2935.210205078125,0,1,1,,0,,,,,1,1,1,UP,False
2024-10-24,1,2935.210205078125,2921.3837890625,0,1,1,,0,,,,,1,1,1,UP,False
2024-10-25,1,2921.3837890625,2959.555419921875,1,1,1,,0,,,,,1,1,1,UP,True
2024-10-30,1,2959.555419921875,2903.45849609375,0,1,0,,0,,,,,1,1,1,UP,False
2024-06-18,2,2882.372802734375,2855.904296875,0,0,0,,1,,,,,1,1,0,DOWN,True
2024-06-19,2,2855.904296875,2860.20068359375,1,1,0,,1,,,,,1,1,1,UP,True
2024-06-24,2,2860.20068359375,2827.90576171875,0,1,1,,1,,,,,1,1,1,UP,False
2024-06-26,2,2827.90576171875,2845.188720703125,1,1,1,,1,,,,,1,0,1,UP,True
2024-06-27,2,2845.188720703125,2869.039794921875,1,1,1,,1,,,,,1,1,1,UP,True
2024-07-09,2,2869.039794921875,2959.35791015625,1,1,1,,1,,,,,1,1,1,UP,True
2024-07-10,2,2959.35791015625,2984.640869140625,1,1,1,,1,,,,,1,1,1,UP,True
2024-07-11,2,2984.640869140625,2962.0244140625,0,1,1,,1,,,,,1,1,1,UP,False
2024-07-12,2,2962.0244140625,2919.90234375,0,1,1,,1,,,,,1,1,1,UP,False
2024-07-15,2,2919.90234375,2937.630126953125,1,0,0,,1,,,,,1,1,0,DOWN,False
2024-07-16,2,2937.630126953125,2895.26123046875,0,0,0,,1,,,,,1,1,1,UP,False
2024-07-18,2,2895.26123046875,2897.977294921875,1,1,1,,1,,,,,1,1,1,UP,True
2024-07-22,2,2897.977294921875,2861.23779296875,0,0,0,,1,,,,,1,1,0,DOWN,True
2024-07-23,2,2861.23779296875,2865.484375,1,1,1,,1,,,,,1,1,1,UP,True
2024-07-25,2,2865.484375,2918.12451171875,1,1,1,,0,,,,,1,1,1,UP,True
2024-07-29,2,2918.12451171875,2967.851318359375,1,0,0,,0,,,,,1,0,0,DOWN,False
2024-07-30,2,2967.851318359375,3046.2685546875,1,1,0,,0,,,,,1,1,1,UP,True
2024-07-31,2,3046.2685546875,3068.242919921875,1,1,1,,0,,,,,1,1,1,UP,True
2024-08-02,2,3068.242919921875,3063.05810546875,0,1,1,,0,,,,,1,0,1,UP,False
2024-08-07,2,3063.05810546875,2968.197021484375,0,0,0,,0,,,,,1,1,0,DOWN,True
2024-08-08,2,2968.197021484375,3002.961669921875,1,0,0,,0,,,,,1,1,0,DOWN,False
2024-08-09,2,3002.961669921875,3015.4052734375,1,1,0,,0,,,,,1,1,0,DOWN,False
2024-08-12,2,3015.4052734375,2988.39404296875,0,1,1,,0,,,,,1,0,1,UP,False
2024-08-14,2,2988.39404296875,3010.417724609375,1,1,0,,0,,,,,1,0,0,DOWN,False
2024-08-16,2,3010.417724609375,3038.219482421875,1,1,0,,0,,,,,1,0,0,DOWN,False
2024-08-19,2,3038.219482421875,3064.786376953125,1,1,0,,0,,,,,1,1,1,UP,True
2024-08-20,2,3064.786376953125,3112.537841796875,1,1,1,,0,,,,,1,1,1,UP,True
2024-08-21,2,3112.537841796875,3147.154052734375,1,1,1,,0,,,,,1,1,1,UP,True
2024-08-22,2,3147.154052734375,3115.599365234375,0,1,1,,1,,,,,1,0,1,UP,False
2024-08-23,2,3115.599365234375,3127.00634765625,1,1,1,,1,,,,,1,0,1,UP,True
2024-08-27,2,3127.00634765625,3088.09423828125,0,0,1,,1,,,,,1,1,0,DOWN,True
2024-08-30,2,3088.09423828125,3198.164794921875,1,0,1,,1,,,,,1,0,0,DOWN,False
2024-09-05,2,3198.164794921875,3240.138671875,1,0,1,,1,,,,,1,1,1,UP,True
2024-09-09,2,3240.138671875,3254.261474609375,1,1,1,,1,,,,,1,0,1,UP,True
2024-09-10,2,3254.261474609375,3325.765380859375,1,1,0,,1,,,,,1,1,0,DOWN,False
2024-09-11,2,3325.765380859375,3341.369873046875,1,1,1,,0,,,,,1,0,0,DOWN,False
2024-09-12,2,3341.369873046875,3316.48193359375,0,0,1,,1,,,,,1,1,0,DOWN,True
2024-09-13,2,3316.48193359375,3294.50732421875,0,1,1,,0,,,,,1,1,1,UP,False
2024-09-16,2,3294.50732421875,3271.791748046875,0,1,1,,0,,,,,1,1,1,UP,False
2024-09-17,2,3271.791748046875,3234.114013671875,0,1,1,,0,,,,,1,0,1,UP,False
2024-09-18,2,3234.114013671875,3266.01416015625,1,1,0,,0,,,,,1,0,1,UP,True
2024-09-20,2,3266.01416015625,3236.879638671875,0,0,0,,0,,,,,1,1,0,DOWN,True
2024-09-23,2,3236.879638671875,3204.583984375,0,1,1,,0,,,,,1,1,1,UP,False
2024-09-25,2,3204.583984375,3236.484375,1,1,1,,0,,,,,1,1,1,UP,True
2024-09-26,2,3236.484375,3269.767333984375,1,1,0,,1,,,,,1,1,1,UP,True
2024-09-27,2,3269.767333984375,3287.89013671875,1,1,0,,1,,,,,1,1,0,DOWN,False
2024-09-30,2,3287.89013671875,3236.780517578125,0,1,1,,0,,,,,1,0,1,UP,False
2024-10-01,2,3236.780517578125,3110.315673828125,0,1,1,,1,,,,,1,1,1,UP,False
2024-10-03,2,3110.315673828125,3024.343505859375,0,1,1,,1,,,,,1,0,1,UP,False
2024-10-07,2,3024.343505859375,3040.738037109375,1,0,0,,1,,,,,1,1,1,UP,True
2024-10-09,2,3040.738037109375,3021.232666015625,0,1,1,,1,,,,,1,1,0,DOWN,True
2024-10-10,2,3021.232666015625,3001.529296875,0,1,0,,1,,,,,1,0,0,DOWN,True
2024-10-14,2,3001.529296875,3029.13330078125,1,1,1,,1,,,,,1,0,1,UP,True
2024-10-15,2,3029.13330078125,3043.94775390625,1,1,1,,1,,,,,1,0,1,UP,True
2024-10-16,2,3043.94775390625,3018.0224609375,0,1,1,,1,,,,,1,0,0,DOWN,True
2024-10-17,2,3018.0224609375,2955.111083984375,0,1,1,,1,,,,,1,0,1,UP,False
2024-10-18,2,2955.111083984375,3011.45458984375,1,1,1,,1,,,,,1,0,1,UP,True
2024-10-21,2,3011.45458984375,2969.629150390625,0,0,1,,1,,,,,1,0,0,DOWN,True
2024-10-22,2,2969.629150390625,2952.691162109375,0,1,1,,1,,,,,1,0,1,UP,False
2024-10-23,2,2952.691162109375,2935.210205078125,0,1,1,,1,,,,,1,0,1,UP,False
2024-10-24,2,2935.210205078125,2921.3837890625,0,1,1,,0,,,,,1,0,0,DOWN,True
2024-10-25,2,2921.3837890625,2959.555419921875,1,0,1,,0,,,,,1,1,1,UP,True
2024-10-30,2,2959.555419921875,2903.45849609375,0,1,0,,0,,,,,1,0,0,DOWN,True
2024-11-01,2,2903.45849609375,2879.21240234375,0,1,1,,0,,,,,1,0,1,UP,False
2024-11-04,2,2879.21240234375,2861.43505859375,0,1,1,,0,,,,,1,1,1,UP,False
2024-11-06,2,2861.43505859375,2807.6591796875,0,0,0,,0,,,,,1,1,0,DOWN,True
2024-11-07,2,2807.6591796875,2735.167724609375,0,1,1,,0,,,,,1,0,1,UP,False
2024-11-08,2,2735.167724609375,2511.61962890625,0,0,1,,0,,,,,1,0,0,DOWN,True
2024-11-11,2,2511.61962890625,2439.91845703125,0,0,0,,0,,,,,1,0,0,DOWN,True
2024-11-13,2,2439.91845703125,2457.15966796875,1,1,1,,0,,,,,1,0,1,UP,True
2024-11-19,2,2457.15966796875,2402.203125,0,1,1,,0,,,,,1,1,1,UP,False
2024-11-21,2,2402.203125,2445.7822265625,1,1,1,,0,,,,,1,1,1,UP,True
2024-11-22,2,2445.7822265625,2433.415771484375,0,1,1,,0,,,,,1,1,1,UP,False
2024-11-25,2,2433.415771484375,2478.23193359375,1,1,1,,0,,,,,1,1,1,UP,True
2024-11-26,2,2478.23193359375,2465.27197265625,0,1,1,,0,,,,,1,1,1,UP,False
2024-11-27,2,2465.27197265625,2431.78369140625,0,1,1,,0,,,,,1,0,1,UP,False
2024-11-28,2,2431.78369140625,2443.01220703125,1,1,1,,0,,,,,1,1,1,UP,True
2024-12-03,2,2443.01220703125,2425.99609375,0,1,1,,0,,,,,1,1,1,UP,False
2024-12-05,2,2425.99609375,2403.736572265625,0,1,1,,0,,,,,1,1,1,UP,False
2024-12-06,2,2403.736572265625,2363.372314453125,0,1,1,,0,,,,,1,0,1,UP,False
2024-12-10,2,2363.372314453125,2391.468994140625,1,1,1,,1,,,,,1,1,1,UP,True
2024-12-11,2,2391.468994140625,2364.015625,0,1,1,,1,,,,,1,1,1,UP,False
2024-12-12,2,2364.015625,2376.580078125,1,1,1,,1,,,,,1,1,1,UP,True
2024-12-16,2,2376.580078125,2330.823974609375,0,1,1,,1,,,,,1,1,1,UP,False
2024-12-17,2,2330.823974609375,2320.38671875,0,1,1,,1,,,,,1,1,1,UP,False
2024-12-18,2,2320.38671875,2267.35986328125,0,1,1,,0,,,,,1,1,1,UP,False
2024-12-19,2,2267.35986328125,2259.59326171875,0,1,1,,0,,,,,1,1,1,UP,False
2024-12-24,2,2259.59326171875,2247.1279296875,0,1,1,,0,,,,,1,1,1,UP,False
2024-12-27,2,2247.1279296875,2256.971923828125,1,1,1,,1,,,,,1,1,1,UP,True
2024-12-31,2,2256.971923828125,2280.022705078125,1,1,1,,0,,,,,1,1,1,UP,True
2025-01-01,2,2280.022705078125,2310.98828125,1,1,1,,0,,,,,1,1,0,DOWN,False
2025-01-03,2,2310.98828125,2242.92333984375,0,1,1,,0,,,,,1,1,0,DOWN,True
2025-01-06,2,2242.92333984375,2268.1015625,1,1,1,,0,,,,,1,1,1,UP,True
2025-01-07,2,2268.1015625,2309.405517578125,1,1,1,,0,,,,,1,1,1,UP,True
2025-01-08,2,2309.405517578125,2325.086181640625,1,1,1,,0,,,,,1,1,1,UP,True
2025-01-09,2,2325.086181640625,2228.578369140625,0,1,0,,0,,,,,1,1,1,UP,False
2025-01-13,2,2228.578369140625,2216.01416015625,0,1,1,,0,,,,,1,1,1,UP,False
2025-01-14,2,2216.01416015625,2205.873779296875,0,1,1,,0,,,,,1,0,1,UP,False
2025-01-15,2,2205.873779296875,2191.924560546875,0,1,1,,0,,,,,1,0,1,UP,False
2025-01-16,2,2191.924560546875,2236.83935546875,1,1,1,,0,,,,,1,1,1,UP,True
2025-01-17,2,2236.83935546875,2256.180419921875,1,1,1,,0,,,,,1,1,1,UP,True
2025-01-20,2,2256.180419921875,2237.927734375,0,1,1,,0,,,,,1,0,1,UP,False
2025-01-22,2,2237.927734375,2252.025390625,1,1,1,,0,,,,,1,1,1,UP,True
2025-01-23,2,2252.025390625,2238.22412109375,0,1,1,,0,,,,,1,1,1,UP,False
2025-01-24,2,2238.22412109375,2227.440673828125,0,1,0,,0,,,,,1,1,0,DOWN,True
2025-01-27,2,2227.440673828125,2217.844482421875,0,0,0,,0,,,,,1,1,0,DOWN,True
2025-01-28,2,2217.844482421875,2199.3935546875,0,1,1,,0,,,,,1,1,1,UP,False
2025-01-29,2,2199.3935546875,2225.808349609375,1,0,0,,0,,,,,1,0,0,DOWN,False
2025-01-30,2,2225.808349609375,2276.2138671875,1,0,0,,0,,,,,1,0,0,DOWN,False
2025-01-31,2,2276.2138671875,2326.02587890625,1,1,1,,0,,,,,1,1,1,UP,True
2025-02-01,2,2326.02587890625,2267.75537109375,0,1,1,,1,,,,,0,1,1,UP,False
2025-02-03,2,2267.75537109375,2329.19189453125,1,1,1,,1,,,,,0,0,1,UP,True
2025-02-04,2,2329.19189453125,2250.887451171875,0,1,0,,1,,,,,0,0,1,UP,False
2025-02-05,2,2250.887451171875,2245.891357421875,0,1,0,,1,,,,,0,1,1,UP,False
2025-02-10,2,2245.891357421875,2216.904541015625,0,0,0,,1,,,,,1,1,0,DOWN,True
2025-02-11,2,2216.904541015625,2207.456787109375,0,0,0,,1,,,,,1,1,0,DOWN,True
2025-02-14,2,2207.456787109375,2226.7978515625,1,0,0,,1,,,,,1,0,0,DOWN,False
2025-02-17,2,2226.7978515625,2215.17333984375,0,1,1,,1,,,,,1,0,1,UP,False
2025-02-19,2,2215.17333984375,2233.4755859375,1,1,0,,1,,,,,1,1,1,UP,True
2025-02-21,2,2233.4755859375,2222.197509765625,0,1,0,,1,,,,,1,1,0,DOWN,True
2025-02-24,2,2222.197509765625,2189.9951171875,0,1,1,,1,,,,,1,1,1,UP,False
2025-02-27,2,2189.9951171875,2156.45751953125,0,0,0,,1,,,,,1,1,1,UP,False
2025-02-28,2,2156.45751953125,2143.25,0,1,0,,0,,,,,1,1,1,UP,False
2025-03-03,2,2143.25,2109.316650390625,0,1,1,,0,,,,,1,1,1,UP,False
2025-03-04,2,2109.316650390625,2141.02392578125,1,0,1,,0,,,,,1,0,0,DOWN,False
2025-03-05,2,2141.02392578125,2262.95703125,1,1,1,,0,,,,,1,0,0,DOWN,False
2024-11-01,3,2903.45849609375,2879.21240234375,0,1,1,,1,,,,,0,1,1,UP,False
2024-11-04,3,2879.21240234375,2861.43505859375,0,1,1,,1,,,,,0,1,0,DOWN,True
2024-11-06,3,2861.43505859375,2807.6591796875,0,1,1,,1,,,,,0,1,1,UP,False
2024-11-07,3,2807.6591796875,2735.167724609375,0,1,1,,1,,,,,0,1,1,UP,False
2024-11-08,3,2735.167724609375,2511.61962890625,0,1,1,,1,,,,,0,1,0,DOWN,True
2024-11-11,3,2511.61962890625,2439.91845703125,0,1,1,,1,,,,,0,1,0,DOWN,True
2024-11-13,3,2439.91845703125,2457.15966796875,1,1,1,,1,,,,,0,0,1,UP,True
2024-11-19,3,2457.15966796875,2402.203125,0,1,1,,1,,,,,0,1,1,UP,False
2024-11-21,3,2402.203125,2445.7822265625,1,1,1,,1,,,,,0,1,1,UP,True
2024-11-22,3,2445.7822265625,2433.415771484375,0,1,1,,1,,,,,0,1,1,UP,False
2024-11-25,3,2433.415771484375,2478.23193359375,1,1,1,,1,,,,,0,1,1,UP,True
2024-11-26,3,2478.23193359375,2465.27197265625,0,1,1,,1,,,,,0,1,1,UP,False
2024-11-27,3,2465.27197265625,2431.78369140625,0,1,1,,1,,,,,0,1,1,UP,False
2024-11-28,3,2431.78369140625,2443.01220703125,1,0,1,,1,,,,,0,1,1,UP,True
2024-12-03,3,2443.01220703125,2425.99609375,0,1,1,,1,,,,,0,1,1,UP,False
2024-12-05,3,2425.99609375,2403.736572265625,0,1,1,,1,,,,,0,1,1,UP,False
2024-12-06,3,2403.736572265625,2363.372314453125,0,1,1,,1,,,,,0,1,1,UP,False
2024-12-10,3,2363.372314453125,2391.468994140625,1,1,1,,1,,,,,0,1,1,UP,True
2024-12-11,3,2391.468994140625,2364.015625,0,1,1,,1,,,,,0,1,1,UP,False
2024-12-12,3,2364.015625,2376.580078125,1,1,1,,1,,,,,0,1,1,UP,True
2024-12-16,3,2376.580078125,2330.823974609375,0,1,1,,0,,,,,0,1,1,UP,False
2024-12-17,3,2330.823974609375,2320.38671875,0,1,1,,1,,,,,0,1,1,UP,False
2024-12-18,3,2320.38671875,2267.35986328125,0,1,1,,1,,,,,0,1,1,UP,False
2024-12-19,3,2267.35986328125,2259.59326171875,0,1,1,,1,,,,,0,1,1,UP,False
2024-12-24,3,2259.59326171875,2247.1279296875,0,1,1,,1,,,,,0,1,1,UP,False
2024-12-27,3,2247.1279296875,2256.971923828125,1,1,1,,1,,,,,1,1,1,UP,True
2024-12-31,3,2256.971923828125,2280.022705078125,1,1,1,,1,,,,,1,1,1,UP,True
2025-01-01,3,2280.022705078125,2310.98828125,1,1,1,,1,,,,,1,1,1,UP,True
2025-01-03,3,2310.98828125,2242.92333984375,0,1,1,,1,,,,,0,1,1,UP,False
2025-01-06,3,2242.92333984375,2268.1015625,1,0,1,,1,,,,,0,1,1,UP,True
2025-01-07,3,2268.1015625,2309.405517578125,1,1,1,,1,,,,,0,1,1,UP,True
2025-01-08,3,2309.405517578125,2325.086181640625,1,1,1,,1,,,,,0,1,1,UP,True
2025-01-09,3,2325.086181640625,2228.578369140625,0,1,1,,0,,,,,0,1,1,UP,False
2025-01-13,3,2228.578369140625,2216.01416015625,0,1,1,,0,,,,,0,1,1,UP,False
2025-01-14,3,2216.01416015625,2205.873779296875,0,1,1,,0,,,,,0,1,1,UP,False
2025-01-15,3,2205.873779296875,2191.924560546875,0,1,1,,0,,,,,0,1,1,UP,False
2025-01-16,3,2191.924560546875,2236.83935546875,1,1,1,,0,,,,,0,0,1,UP,True
2025-01-17,3,2236.83935546875,2256.180419921875,1,1,1,,0,,,,,0,1,1,UP,True
2025-01-20,3,2256.180419921875,2237.927734375,0,1,1,,0,,,,,0,1,1,UP,False
2025-01-22,3,2237.927734375,2252.025390625,1,1,1,,0,,,,,0,1,1,UP,True
2025-01-23,3,2252.025390625,2238.22412109375,0,1,1,,0,,,,,1,1,1,UP,False
2025-01-24,3,2238.22412109375,2227.440673828125,0,1,1,,1,,,,,1,1,1,UP,False
2025-01-27,3,2227.440673828125,2217.844482421875,0,1,1,,1,,,,,1,0,1,UP,False
2025-01-28,3,2217.844482421875,2199.3935546875,0,1,1,,1,,,,,1,0,1,UP,False
2025-01-29,3,2199.3935546875,2225.808349609375,1,1,1,,1,,,,,1,1,1,UP,True
2025-01-30,3,2225.808349609375,2276.2138671875,1,1,1,,1,,,,,1,1,1,UP,True
2025-01-31,3,2276.2138671875,2326.02587890625,1,1,1,,1,,,,,1,0,1,UP,True
2025-02-01,3,2326.02587890625,2267.75537109375,0,1,1,,1,,,,,1,1,1,UP,False
2025-02-03,3,2267.75537109375,2329.19189453125,1,0,1,,1,,,,,1,1,1,UP,True
2025-02-04,3,2329.19189453125,2250.887451171875,0,1,1,,1,,,,,1,0,1,UP,False
2025-02-05,3,2250.887451171875,2245.891357421875,0,1,1,,1,,,,,1,0,1,UP,False
2025-02-10,3,2245.891357421875,2216.904541015625,0,1,1,,1,,,,,1,1,1,UP,False
2025-02-11,3,2216.904541015625,2207.456787109375,0,0,1,,1,,,,,1,0,0,DOWN,True
2025-02-14,3,2207.456787109375,2226.7978515625,1,1,1,,1,,,,,1,1,1,UP,True
2025-02-17,3,2226.7978515625,2215.17333984375,0,1,1,,1,,,,,1,1,1,UP,False
2025-02-19,3,2215.17333984375,2233.4755859375,1,1,1,,1,,,,,1,1,1,UP,True
2025-02-21,3,2233.4755859375,2222.197509765625,0,0,1,,1,,,,,1,1,1,UP,False
2025-02-24,3,2222.197509765625,2189.9951171875,0,1,1,,1,,,,,1,1,1,UP,False
2025-02-27,3,2189.9951171875,2156.45751953125,0,1,1,,1,,,,,1,1,1,UP,False
2025-02-28,3,2156.45751953125,2143.25,0,1,1,,1,,,,,1,1,1,UP,False
2025-03-03,3,2143.25,2109.316650390625,0,1,1,,1,,,,,1,0,1,UP,False
2025-03-04,3,2109.316650390625,2141.02392578125,1,1,1,,1,,,,,1,0,0,DOWN,False
2025-03-05,3,2141.02392578125,2262.95703125,1,1,1,,1,,,,,1,0,1,UP,True
2025-03-11,3,2262.95703125,2227.242919921875,0,1,1,,1,,,,,1,0,1,UP,False
2025-03-12,3,2227.242919921875,2207.456787109375,0,1,1,,1,,,,,1,0,1,UP,False
2025-03-13,3,2207.456787109375,2195.832275390625,0,0,1,,1,,,,,1,0,1,UP,False
2025-03-18,3,2195.832275390625,2262.75927734375,1,1,1,,1,,,,,0,1,1,UP,True
2025-03-20,3,2262.75927734375,2275.818115234375,1,1,1,,1,,,,,0,1,1,UP,True
2025-03-21,3,2275.818115234375,2298.324951171875,1,0,1,,1,,,,,0,0,1,UP,True
2025-03-26,3,2298.324951171875,2315.637939453125,1,1,1,,1,,,,,0,1,1,UP,True
2025-03-28,3,2315.637939453125,2291.25146484375,0,1,1,,1,,,,,0,1,1,UP,False
2025-04-01,3,2291.25146484375,2282.001220703125,0,1,1,,1,,,,,0,0,1,UP,False
2025-04-02,3,2282.001220703125,2330.873779296875,1,1,1,,0,,,,,0,0,0,DOWN,False
2025-04-04,3,2330.873779296875,2316.330810546875,0,1,1,,0,,,,,0,1,1,UP,False
2025-04-07,3,2316.330810546875,2368.615966796875,1,1,1,,0,,,,,0,1,1,UP,True
2025-04-08,3,2368.615966796875,2385.384521484375,1,0,1,,1,,,,,0,0,1,UP,True
2025-04-09,3,2385.384521484375,2368.022216796875,0,1,1,,1,,,,,0,1,1,UP,False
2025-04-11,3,2368.022216796875,2389.88623046875,1,1,1,,1,,,,,0,1,1,UP,True
2025-04-15,3,2389.88623046875,2441.528076171875,1,1,1,,1,,,,,0,1,1,UP,True
2025-04-17,3,2441.528076171875,2406.011962890625,0,1,1,,0,,,,,0,1,0,DOWN,True
2025-04-22,3,2406.011962890625,2426.886474609375,1,0,1,,1,,,,,0,0,0,DOWN,False
2025-04-23,3,2426.886474609375,2438.065673828125,1,1,1,,1,,,,,0,0,1,UP,True
2025-04-24,3,2438.065673828125,2405.616455078125,0,1,1,,1,,,,,0,1,0,DOWN,True
2025-04-25,3,2405.616455078125,2424.907958984375,1,0,1,,1,,,,,0,0,0,DOWN,False
2025-04-29,3,2424.907958984375,2399.779052734375,0,1,1,,1,,,,,1,0,0,DOWN,True
2025-04-30,3,2399.779052734375,2384.2470703125,0,1,1,,1,,,,,1,1,0,DOWN,True
2025-05-02,3,2384.2470703125,2410.859619140625,1,0,1,,1,,,,,1,1,1,UP,True
2025-05-05,3,2410.859619140625,2392.16162109375,0,1,1,,1,,,,,1,1,1,UP,False
2025-05-06,3,2392.16162109375,2309.158203125,0,1,1,,1,,,,,1,1,0,DOWN,True
2025-05-07,3,2309.158203125,2275.02685546875,0,1,1,,1,,,,,0,0,1,UP,False
2025-05-09,3,2275.02685546875,2331.2197265625,1,0,1,,1,,,,,0,1,1,UP,True
2025-05-12,3,2331.2197265625,2299.759765625,0,1,1,,1,,,,,1,1,1,UP,False
2025-05-13,3,2299.759765625,2257.91162109375,0,1,1,,1,,,,,1,1,1,UP,False
2025-05-14,3,2257.91162109375,2305.0029296875,1,1,1,,1,,,,,1,1,1,UP,True
2025-05-15,3,2305.0029296875,2328.44970703125,1,1,1,,1,,,,,1,1,1,UP,True
2025-05-16,3,2328.44970703125,2306.487060546875,0,1,1,,1,,,,,1,1,1,UP,False
2025-05-19,3,2306.487060546875,2271.069580078125,0,1,1,,1,,,,,1,1,1,UP,False
2025-05-20,3,2271.069580078125,2287.68994140625,1,1,1,,1,,,,,1,1,1,UP,True
2025-05-21,3,2287.68994140625,2274.630859375,0,1,1,,1,,,,,1,1,1,UP,False
2025-05-22,3,2274.630859375,2290.7568359375,1,1,1,,1,,,,,1,1,1,UP,True
2025-05-23,3,2290.7568359375,2269.783447265625,1,1,1,,1,,,,,1,1,1,UP,True
2025-05-29,3,2269.783447265625,2242.478271484375,0,1,1,,1,,,,,1,1,1,UP,False
2025-06-02,3,2242.478271484375,2215.4423828125,0,1,1,,1,,,,,1,1,1,UP,False
2025-06-10,3,2215.4423828125,2205.358154296875,0,1,1,,1,,,,,1,1,1,UP,False
2025-06-11,3,2205.358154296875,2210.749755859375,1,1,1,,1,,,,,0,1,1,UP,True
2025-06-13,3,2210.749755859375,2241.302001953125,1,0,1,,1,,,,,0,1,1,UP,True
2025-06-16,3,2241.302001953125,2261.27099609375,1,1,1,,1,,,,,0,1,1,UP,True
2025-06-17,3,2261.27099609375,2277.844970703125,1,1,1,,1,,,,,0,1,1,UP,True
2025-06-18,3,2277.844970703125,2264.4658203125,0,0,1,,1,,,,,0,1,1,UP,False
2025-06-19,3,2264.4658203125,2260.572021484375,1,1,1,,1,,,,,0,1,1,UP,True
2025-06-23,3,2260.572021484375,2276.34716796875,1,1,1,,1,,,,,0,1,1,UP,True
2025-06-25,3,2276.34716796875,2286.23193359375,1,1,1,,1,,,,,0,1,1,UP,True
2025-06-26,3,2286.23193359375,2355.0244140625,1,1,1,,1,,,,,0,1,1,UP,True
2025-06-27,3,2355.0244140625,2337.4521484375,0,1,1,,1,,,,,0,1,1,UP,False
2025-06-30,3,2337.4521484375,2365.807861328125,1,1,1,,1,,,,,0,1,1,UP,True
2025-07-01,3,2365.807861328125,2415.6298828125,1,1,1,,1,,,,,0,1,1,UP,True
2025-07-02,3,2415.6298828125,2420.42236328125,1,1,1,,1,,,,,0,0,1,UP,True
2025-07-04,3,2420.42236328125,2480.728515625,1,0,1,,1,,,,,0,1,1,UP,True
2025-07-08,3,2480.728515625,2495.006103515625,1,0,1,,1,,,,,0,1,1,UP,True
2025-07-09,3,2495.006103515625,2447.38037109375,0,0,1,,1,,,,,1,1,1,UP,False
2025-07-10,3,2447.38037109375,2435.399169921875,0,1,1,,1,,,,,0,1,1,UP,False
2025-07-11,3,2435.399169921875,2389.770263671875,0,0,1,,1,,,,,1,1,1,UP,False
2025-07-15,3,2389.770263671875,2406.743896484375,1,1,1,,1,,,,,1,1,1,UP,True
2025-07-16,3,2406.743896484375,2395.161865234375,0,1,1,,1,,,,,1,1,1,UP,False
2025-07-17,3,2395.161865234375,2371.698486328125,0,1,1,,1,,,,,1,0,1,UP,False
2025-07-21,3,2371.698486328125,2361.514404296875,0,1,1,,1,,,,,1,1,1,UP,False
2025-03-11,4,2262.95703125,2227.242919921875,0,0,1,,1,,,,,1,1,0,DOWN,True
2025-03-12,4,2227.242919921875,2207.456787109375,0,0,1,,1,,,,,1,1,0,DOWN,True
2025-03-13,4,2207.456787109375,2195.832275390625,0,1,1,,1,,,,,0,1,0,DOWN,True
2025-03-18,4,2195.832275390625,2262.75927734375,1,1,1,,1,,,,,0,1,0,DOWN,False
2025-03-20,4,2262.75927734375,2275.818115234375,1,0,1,,1,,,,,1,1,1,UP,True
2025-03-21,4,2275.818115234375,2298.324951171875,1,0,1,,1,,,,,1,0,0,DOWN,False
2025-03-26,4,2298.324951171875,2315.637939453125,1,1,1,,1,,,,,1,0,0,DOWN,False
2025-03-28,4,2315.637939453125,2291.25146484375,0,1,1,,1,,,,,1,1,1,UP,False
2025-04-01,4,2291.25146484375,2282.001220703125,0,0,1,,1,,,,,1,1,1,UP,False
2025-04-02,4,2282.001220703125,2330.873779296875,1,1,1,,1,,,,,1,1,1,UP,True
2025-04-04,4,2330.873779296875,2316.330810546875,0,1,1,,1,,,,,0,1,1,UP,False
2025-04-07,4,2316.330810546875,2368.615966796875,1,1,1,,1,,,,,1,1,1,UP,True
2025-04-08,4,2368.615966796875,2385.384521484375,1,0,1,,1,,,,,1,1,1,UP,True
2025-04-09,4,2385.384521484375,2368.022216796875,0,0,1,,1,,,,,1,1,1,UP,False
2025-04-11,4,2368.022216796875,2389.88623046875,1,0,1,,1,,,,,1,1,1,UP,True
2025-04-15,4,2389.88623046875,2441.528076171875,1,1,1,,1,,,,,0,1,1,UP,True
2025-04-17,4,2441.528076171875,2406.011962890625,0,0,1,,1,,,,,0,1,1,UP,False
2025-04-22,4,2406.011962890625,2426.886474609375,1,1,1,,1,,,,,0,0,1,UP,True
2025-04-23,4,2426.886474609375,2438.065673828125,1,1,1,,1,,,,,0,0,1,UP,True
2025-04-24,4,2438.065673828125,2405.616455078125,0,1,1,,1,,,,,0,1,1,UP,False
2025-04-25,4,2405.616455078125,2424.907958984375,1,0,1,,1,,,,,0,0,0,DOWN,False
2025-04-29,4,2424.907958984375,2399.779052734375,0,1,1,,1,,,,,0,1,1,UP,False
2025-04-30,4,2399.779052734375,2384.2470703125,0,0,1,,1,,,,,1,1,1,UP,False
2025-05-02,4,2384.2470703125,2410.859619140625,1,0,1,,1,,,,,1,1,1,UP,True
2025-05-05,4,2410.859619140625,2392.16162109375,0,1,1,,1,,,,,1,1,1,UP,False
2025-05-06,4,2392.16162109375,2309.158203125,0,1,1,,0,,,,,1,1,1,UP,False
2025-05-07,4,2309.158203125,2275.02685546875,0,1,1,,1,,,,,1,1,1,UP,False
2025-05-09,4,2275.02685546875,2331.2197265625,1,0,1,,1,,,,,1,1,0,DOWN,False
2025-05-12,4,2331.2197265625,2299.759765625,0,1,1,,1,,,,,1,1,1,UP,False
2025-05-13,4,2299.759765625,2257.91162109375,0,1,1,,1,,,,,1,1,1,UP,False
2025-05-14,4,2257.91162109375,2305.0029296875,1,1,1,,1,,,,,1,1,1,UP,True
2025-05-15,4,2305.0029296875,2328.44970703125,1,1,1,,1,,,,,1,1,1,UP,True
2025-05-16,4,2328.44970703125,2306.487060546875,0,1,1,,1,,,,,0,0,1,UP,False
2025-05-19,4,2306.487060546875,2271.069580078125,0,1,1,,1,,,,,0,0,1,UP,False
2025-05-20,4,2271.069580078125,2287.68994140625,1,1,1,,1,,,,,0,1,1,UP,True
2025-05-21,4,2287.68994140625,2274.630859375,0,1,1,,1,,,,,0,0,1,UP,False
2025-05-22,4,2274.630859375,2290.7568359375,1,1,1,,1,,,,,0,1,1,UP,True
2025-05-23,4,2290.7568359375,2269.783447265625,1,1,1,,1,,,,,0,0,1,UP,True
2025-05-29,4,2269.783447265625,2242.478271484375,0,1,1,,1,,,,,0,1,1,UP,False
2025-06-02,4,2242.478271484375,2215.4423828125,0,1,1,,1,,,,,0,1,1,UP,False
2025-06-10,4,2215.4423828125,2205.358154296875,0,1,1,,1,,,,,0,1,1,UP,False
2025-06-11,4,2205.358154296875,2210.749755859375,1,1,1,,1,,,,,1,0,1,UP,True
2025-06-13,4,2210.749755859375,2241.302001953125,1,1,1,,1,,,,,1,1,1,UP,True
2025-06-16,4,2241.302001953125,2261.27099609375,1,1,1,,1,,,,,1,1,1,UP,True
2025-06-17,4,2261.27099609375,2277.844970703125,1,0,1,,0,,,,,1,1,1,UP,True
2025-06-18,4,2277.844970703125,2264.4658203125,0,1,1,,1,,,,,1,1,1,UP,False
2025-06-19,4,2264.4658203125,2260.572021484375,1,1,1,,1,,,,,1,1,1,UP,True
2025-06-23,4,2260.572021484375,2276.34716796875,1,1,1,,1,,,,,1,1,1,UP,True
2025-06-25,4,2276.34716796875,2286.23193359375,1,1,1,,1,,,,,0,1,1,UP,True
2025-06-26,4,2286.23193359375,2355.0244140625,1,1,1,,1,,,,,0,1,1,UP,True
2025-06-27,4,2355.0244140625,2337.4521484375,0,1,1,,1,,,,,0,1,1,UP,False
2025-06-30,4,2337.4521484375,2365.807861328125,1,0,1,,1,,,,,0,1,1,UP,True
2025-07-01,4,2365.807861328125,2415.6298828125,1,1,1,,1,,,,,0,1,1,UP,True
2025-07-02,4,2415.6298828125,2420.42236328125,1,1,1,,1,,,,,0,1,1,UP,True
2025-07-04,4,2420.42236328125,2480.728515625,1,0,1,,1,,,,,0,1,1,UP,True
2025-07-08,4,2480.728515625,2495.006103515625,1,0,1,,1,,,,,0,1,1,UP,True
2025-07-09,4,2495.006103515625,2447.38037109375,0,1,1,,1,,,,,0,1,1,UP,False
2025-07-10,4,2447.38037109375,2435.399169921875,0,1,1,,1,,,,,0,1,1,UP,False
2025-07-11,4,2435.399169921875,2389.770263671875,0,1,1,,1,,,,,0,1,1,UP,False
2025-07-15,4,2389.770263671875,2406.743896484375,1,1,1,,1,,,,,0,1,1,UP,True
2025-07-16,4,2406.743896484375,2395.161865234375,0,1,1,,1,,,,,0,1,1,UP,False
2025-07-17,4,2395.161865234375,2371.698486328125,0,1,1,,1,,,,,0,1,1,UP,False
2025-07-21,4,2371.698486328125,2361.514404296875,0,1,1,,1,,,,,0,1,1,UP,False
2025-07-22,4,2361.514404296875,2371.698486328125,1,1,1,,1,,,,,0,1,1,UP,True
2025-07-23,4,2371.698486328125,2348.43505859375,0,1,1,,1,,,,,0,1,1,UP,False
2025-07-24,4,2348.43505859375,2332.5595703125,0,1,1,,1,,,,,0,1,1,UP,False
2025-07-25,4,2332.5595703125,2355.92333984375,1,1,1,,1,,,,,0,1,1,UP,True
2025-07-28,4,2355.92333984375,2397.7578125,1,1,1,,1,,,,,0,0,1,UP,True
2025-07-29,4,2397.7578125,2412.03564453125,1,1,1,,1,,,,,0,0,0,DOWN,False
2025-07-30,4,2412.03564453125,2392.366455078125,0,0,1,,1,,,,,0,0,0,DOWN,True
2025-07-31,4,2392.366455078125,2427.2119140625,1,1,1,,1,,,,,1,0,0,DOWN,False
2025-08-01,4,2427.2119140625,2445.982666015625,1,0,1,,1,,,,,1,0,0,DOWN,False
2025-08-04,4,2445.982666015625,2433.0029296875,0,0,1,,0,,,,,1,1,0,DOWN,True
2025-08-05,4,2433.0029296875,2487.318115234375,1,0,1,,1,,,,,1,1,1,UP,True
2025-08-06,4,2487.318115234375,2502.59423828125,1,0,1,,1,,,,,0,1,0,DOWN,False
2025-08-07,4,2502.59423828125,2471.742431640625,0,1,1,,0,,,,,0,0,0,DOWN,True
2025-08-08,4,2471.742431640625,2485.221435546875,1,0,1,,1,,,,,0,0,0,DOWN,False
2025-08-11,4,2485.221435546875,2474.438232421875,0,0,1,,1,,,,,0,1,0,DOWN,True
2025-08-12,4,2474.438232421875,2496.303955078125,1,0,1,,1,,,,,0,1,0,DOWN,False
2025-08-13,4,2496.303955078125,2524.759521484375,1,1,1,,1,,,,,0,0,0,DOWN,False
2025-08-14,4,2524.759521484375,2562.6005859375,1,0,1,,1,,,,,0,0,0,DOWN,False
2025-08-21,4,2562.6005859375,2500.597412109375,0,1,1,,1,,,,,0,1,0,DOWN,True
2025-08-22,4,2500.597412109375,2489.015380859375,0,1,1,,0,,,,,0,1,1,UP,False
2025-08-25,4,2489.015380859375,2485.12158203125,0,0,1,,0,,,,,0,1,1,UP,False
2025-08-28,4,2485.12158203125,2514.675537109375,1,0,1,,0,,,,,0,1,0,DOWN,False
2025-08-29,4,2514.675537109375,2566.195068359375,1,0,1,,0,,,,,0,1,0,DOWN,False
2025-09-01,4,2566.195068359375,2549.92041015625,0,0,1,,0,,,,,0,1,0,DOWN,True
2025-09-03,4,2549.92041015625,2564.59765625,1,1,1,,1,,,,,0,0,1,UP,True
2025-09-04,4,2564.59765625,2575.8798828125,1,1,1,,1,,,,,0,0,1,UP,True
2025-09-05,4,2575.8798828125,2539.3369140625,0,1,1,,1,,,,,0,1,1,UP,False
2025-09-10,4,2539.3369140625,2542.332275390625,1,0,1,,0,,,,,0,0,1,UP,True
2025-09-12,4,2542.332275390625,2498.700439453125,0,1,1,,0,,,,,0,1,1,UP,False
2025-09-15,4,2498.700439453125,2477.033935546875,0,1,1,,0,,,,,0,1,1,UP,False
2025-09-16,4,2477.033935546875,2489.71435546875,1,1,1,,0,,,,,0,1,1,UP,True
2025-09-17,4,2489.71435546875,2478.831298828125,0,1,1,,0,,,,,0,1,1,UP,False
2025-09-22,4,2478.831298828125,2443.0869140625,0,0,1,,0,,,,,0,0,0,DOWN,True
2025-09-23,4,2443.0869140625,2453.37109375,1,0,1,,0,,,,,0,0,0,DOWN,False
2025-09-24,4,2453.37109375,2400.25390625,0,1,1,,0,,,,,0,1,0,DOWN,True
2025-09-25,4,2400.25390625,2346.338134765625,0,1,1,,0,,,,,0,1,1,UP,False
2025-09-30,4,2346.338134765625,2332.160400390625,0,0,1,,0,,,,,0,1,0,DOWN,True
2025-10-01,4,2332.160400390625,2349.1337890625,1,1,1,,0,,,,,0,1,1,UP,True
2025-10-07,4,2349.1337890625,2338.849853515625,0,1,1,,1,,,,,0,0,1,UP,False
2025-10-13,4,2338.849853515625,2314.488037109375,0,0,1,,1,,,,,0,1,1,UP,False
2025-10-14,4,2314.488037109375,2371.399169921875,1,1,1,,1,,,,,0,0,1,UP,True
2025-10-15,4,2371.399169921875,2405.945068359375,1,1,1,,1,,,,,0,0,1,UP,True
2025-10-16,4,2405.945068359375,2512.079345703125,1,1,1,,1,,,,,0,0,1,UP,True
2025-10-20,4,2512.079345703125,2497.701904296875,0,0,1,,1,,,,,0,1,1,UP,False
2025-10-24,4,2497.701904296875,2505.389892578125,1,0,1,,1,,,,,0,1,1,UP,True
2025-10-28,4,2505.389892578125,2534.744140625,1,1,1,,1,,,,,0,0,1,UP,True
2025-10-29,4,2534.744140625,2519.56787109375,0,1,1,,1,,,,,0,1,0,DOWN,True
2025-10-30,4,2519.56787109375,2508.285400390625,0,1,1,,1,,,,,0,0,1,UP,False
2025-11-03,4,2508.285400390625,2482.824951171875,0,1,1,,1,,,,,0,1,1,UP,False
2025-11-04,4,2482.824951171875,2598.843994140625,1,1,1,,1,,,,,0,1,1,UP,True
2025-11-06,4,2598.843994140625,2609.72705078125,1,0,1,,1,,,,,0,1,1,UP,True
2025-11-07,4,2609.72705078125,2653.059326171875,1,0,1,,1,,,,,0,1,1,UP,True
2025-11-11,4,2653.059326171875,2765.484130859375,1,0,1,,1,,,,,0,0,0,DOWN,False
2025-11-12,4,2765.484130859375,2874.9130859375,1,0,1,,1,,,,,0,1,1,UP,True
2025-11-13,4,2874.9130859375,2901.87109375,1,0,1,,1,,,,,0,0,1,UP,True
2025-11-14,4,2901.87109375,2883.39990234375,0,1,1,,1,,,,,0,1,1,UP,False
2025-11-17,4,2883.39990234375,2906.0,1,0,1,,1,,,,,0,1,1,UP,True
2025-11-18,4,2906.0,2893.699951171875,0,0,1,,0,,,,,0,0,0,DOWN,True
2025-11-19,4,2893.699951171875,2859.800048828125,0,0,1,,0,,,,,0,1,0,DOWN,True
2025-11-20,4,2859.800048828125,2867.60009765625,1,0,1,,0,,,,,0,1,1,UP,True
2025-12-01,4,2867.60009765625,2968.5,1,0,1,,0,,,,,0,1,1,UP,True
2025-12-05,4,2968.5,2928.300048828125,0,0,1,,0,,,,,0,0,0,DOWN,True
2025-12-08,4,2928.300048828125,2804.5,0,1,1,,0,,,,,0,0,0,DOWN,True
2025-07-22,5,2361.514404296875,2371.698486328125,1,1,0,,1,,,,,0,0,0,DOWN,False
2025-07-23,5,2371.698486328125,2348.43505859375,0,1,0,,1,,,,,0,0,0,DOWN,True
2025-07-24,5,2348.43505859375,2332.5595703125,0,1,0,,1,,,,,0,1,1,UP,False
2025-07-25,5,2332.5595703125,2355.92333984375,1,1,0,,1,,,,,0,0,1,UP,True
2025-07-28,5,2355.92333984375,2397.7578125,1,1,1,,1,,,,,0,0,1,UP,True
2025-07-29,5,2397.7578125,2412.03564453125,1,0,0,,1,,,,,0,0,0,DOWN,False
2025-07-30,5,2412.03564453125,2392.366455078125,0,1,0,,1,,,,,0,0,0,DOWN,True
2025-07-31,5,2392.366455078125,2427.2119140625,1,0,0,,0,,,,,0,0,0,DOWN,False
2025-08-01,5,2427.2119140625,2445.982666015625,1,0,0,,0,,,,,0,0,0,DOWN,False
2025-08-04,5,2445.982666015625,2433.0029296875,0,0,0,,0,,,,,0,0,0,DOWN,True
2025-08-05,5,2433.0029296875,2487.318115234375,1,0,0,,0,,,,,0,0,0,DOWN,False
2025-08-06,5,2487.318115234375,2502.59423828125,1,1,0,,0,,,,,0,0,0,DOWN,False
2025-08-07,5,2502.59423828125,2471.742431640625,0,1,0,,0,,,,,0,0,0,DOWN,True
2025-08-08,5,2471.742431640625,2485.221435546875,1,1,0,,0,,,,,1,0,0,DOWN,False
2025-08-11,5,2485.221435546875,2474.438232421875,0,0,0,,0,,,,,1,0,0,DOWN,True
2025-08-12,5,2474.438232421875,2496.303955078125,1,1,0,,0,,,,,1,0,0,DOWN,False
2025-08-13,5,2496.303955078125,2524.759521484375,1,1,0,,0,,,,,1,0,1,UP,True
2025-08-14,5,2524.759521484375,2562.6005859375,1,1,0,,0,,,,,1,0,0,DOWN,False
2025-08-21,5,2562.6005859375,2500.597412109375,0,1,0,,0,,,,,1,0,0,DOWN,True
2025-08-22,5,2500.597412109375,2489.015380859375,0,1,0,,0,,,,,1,0,1,UP,False
2025-08-25,5,2489.015380859375,2485.12158203125,0,0,0,,1,,,,,1,0,0,DOWN,True
2025-08-28,5,2485.12158203125,2514.675537109375,1,0,0,,1,,,,,1,0,0,DOWN,False
2025-08-29,5,2514.675537109375,2566.195068359375,1,1,0,,1,,,,,1,0,0,DOWN,False
2025-09-01,5,2566.195068359375,2549.92041015625,0,1,0,,1,,,,,1,0,0,DOWN,True
2025-09-03,5,2549.92041015625,2564.59765625,1,1,0,,1,,,,,1,1,1,UP,True
2025-09-04,5,2564.59765625,2575.8798828125,1,1,0,,1,,,,,1,1,0,DOWN,False
2025-09-05,5,2575.8798828125,2539.3369140625,0,0,0,,1,,,,,1,0,0,DOWN,True
2025-09-10,5,2539.3369140625,2542.332275390625,1,0,0,,1,,,,,1,0,1,UP,True
2025-09-12,5,2542.332275390625,2498.700439453125,0,1,0,,0,,,,,1,0,1,UP,False
2025-09-15,5,2498.700439453125,2477.033935546875,0,1,1,,1,,,,,1,1,1,UP,False
2025-09-16,5,2477.033935546875,2489.71435546875,1,1,0,,1,,,,,1,0,1,UP,True
2025-09-17,5,2489.71435546875,2478.831298828125,0,1,0,,1,,,,,1,0,1,UP,False
2025-09-22,5,2478.831298828125,2443.0869140625,0,0,0,,0,,,,,1,1,0,DOWN,True
2025-09-23,5,2443.0869140625,2453.37109375,1,1,0,,0,,,,,1,0,1,UP,True
2025-09-24,5,2453.37109375,2400.25390625,0,0,0,,0,,,,,1,1,1,UP,False
2025-09-25,5,2400.25390625,2346.338134765625,0,0,0,,0,,,,,1,0,1,UP,False
2025-09-30,5,2346.338134765625,2332.160400390625,0,1,0,,1,,,,,0,1,1,UP,False
2025-10-01,5,2332.160400390625,2349.1337890625,1,1,0,,1,,,,,0,1,1,UP,True
2025-10-07,5,2349.1337890625,2338.849853515625,0,1,0,,1,,,,,0,1,1,UP,False
2025-10-13,5,2338.849853515625,2314.488037109375,0,0,0,,0,,,,,0,1,0,DOWN,True
2025-10-14,5,2314.488037109375,2371.399169921875,1,1,0,,0,,,,,0,0,1,UP,True
2025-10-15,5,2371.399169921875,2405.945068359375,1,1,0,,1,,,,,0,0,0,DOWN,False
2025-10-16,5,2405.945068359375,2512.079345703125,1,1,0,,0,,,,,0,1,1,UP,True
2025-10-20,5,2512.079345703125,2497.701904296875,0,1,0,,0,,,,,0,0,0,DOWN,True
2025-10-24,5,2497.701904296875,2505.389892578125,1,0,0,,1,,,,,0,1,0,DOWN,False
2025-10-28,5,2505.389892578125,2534.744140625,1,0,1,,0,,,,,0,0,0,DOWN,False
2025-10-29,5,2534.744140625,2519.56787109375,0,1,0,,1,,,,,0,0,0,DOWN,True
2025-10-30,5,2519.56787109375,2508.285400390625,0,1,0,,1,,,,,0,0,1,UP,False
2025-11-03,5,2508.285400390625,2482.824951171875,0,1,1,,1,,,,,0,0,1,UP,False
2025-11-04,5,2482.824951171875,2598.843994140625,1,1,0,,1,,,,,0,0,1,UP,True
2025-11-06,5,2598.843994140625,2609.72705078125,1,0,0,,1,,,,,0,0,0,DOWN,False
2025-11-07,5,2609.72705078125,2653.059326171875,1,1,0,,1,,,,,0,0,0,DOWN,False
2025-11-11,5,2653.059326171875,2765.484130859375,1,1,0,,1,,,,,0,0,0,DOWN,False
2025-11-12,5,2765.484130859375,2874.9130859375,1,1,0,,1,,,,,0,0,0,DOWN,False
2025-11-13,5,2874.9130859375,2901.87109375,1,1,0,,1,,,,,0,0,0,DOWN,False
2025-11-14,5,2901.87109375,2883.39990234375,0,1,1,,1,,,,,0,0,0,DOWN,True
2025-11-17,5,2883.39990234375,2906.0,1,0,0,,0,,,,,0,0,0,DOWN,False
2025-11-18,5,2906.0,2893.699951171875,0,0,0,,0,,,,,0,0,0,DOWN,True
2025-11-19,5,2893.699951171875,2859.800048828125,0,0,0,,1,,,,,0,0,0,DOWN,True
2025-11-20,5,2859.800048828125,2867.60009765625,1,0,0,,1,,,,,0,0,0,DOWN,False
2025-12-01,5,2867.60009765625,2968.5,1,0,0,,1,,,,,0,0,0,DOWN,False
2025-12-05,5,2968.5,2928.300048828125,0,1,0,,1,,,,,1,0,0,DOWN,True
2025-12-08,5,2928.300048828125,2804.5,0,1,0,,1,,,,,0,0,0,DOWN,True
2025-12-10,5,2804.5,2779.39990234375,0,1,0,,1,,,,,0,0,0,DOWN,True
2025-12-11,5,2779.39990234375,2764.800048828125,0,1,0,,1,,,,,0,0,0,DOWN,True
2025-12-12,5,2764.800048828125,2785.699951171875,1,1,0,,1,,,,,0,0,1,UP,True
2025-12-17,5,2785.699951171875,2759.699951171875,0,1,0,,1,,,,,0,0,1,UP,False
2025-12-18,5,2759.699951171875,2807.800048828125,1,1,0,,1,,,,,0,1,1,UP,True
2025-12-23,5,2807.800048828125,2785.5,0,1,0,,1,,,,,0,1,1,UP,False
2025-12-24,5,2785.5,2775.39990234375,0,1,0,,1,,,,,0,1,0,DOWN,True
2025-12-29,5,2775.39990234375,2758.300048828125,0,1,0,,1,,,,,0,0,1,UP,False
2025-12-30,5,2758.300048828125,2769.5,1,0,0,,1,,,,,0,0,0,DOWN,False
2025-12-31,5,2769.5,2752.0,0,0,0,,0,,,,,0,0,0,DOWN,True
2026-01-01,5,2752.0,2815.60009765625,1,1,0,,0,,,,,0,0,1,UP,True
2026-01-05,5,2815.60009765625,2845.800048828125,1,0,0,,0,,,,,0,0,0,DOWN,False
2026-01-06,5,2845.800048828125,2809.39990234375,0,1,0,,0,,,,,0,1,1,UP,False
2026-01-07,5,2809.39990234375,2786.5,0,1,0,,0,,,,,0,0,1,UP,False
2026-01-08,5,2786.5,2825.5,1,0,0,,0,,,,,0,0,0,DOWN,False
2026-01-09,5,2825.5,2886.300048828125,1,0,0,,0,,,,,0,0,0,DOWN,False
2026-01-13,5,2886.300048828125,2813.89990234375,0,0,0,,0,,,,,0,0,0,DOWN,True
2026-01-15,5,2813.89990234375,2754.0,0,0,0,,0,,,,,0,0,1,UP,False
2026-01-19,5,2754.0,2661.10009765625,0,1,0,,0,,,,,0,0,1,UP,False
2026-01-21,5,2661.10009765625,2703.699951171875,1,0,1,,0,,,,,0,0,0,DOWN,False
2026-01-23,5,2703.699951171875,2622.800048828125,0,1,1,,0,,,,,0,0,0,DOWN,True
2026-01-27,5,2622.800048828125,2511.800048828125,0,0,0,,0,,,,,0,0,0,DOWN,True
2026-01-28,5,2511.800048828125,2416.0,0,0,0,,0,,,,,0,0,0,DOWN,True
2026-01-29,5,2416.0,2428.300048828125,1,0,0,,0,,,,,0,0,0,DOWN,False
2026-01-30,5,2428.300048828125,2402.0,0,0,1,,0,,,,,0,0,0,DOWN,True
2026-02-02,5,2402.0,2426.0,1,1,1,,0,,,,,0,1,1,UP,True
2026-02-03,5,2426.0,2452.699951171875,1,1,0,,0,,,,,0,1,0,DOWN,False
2026-02-04,5,2452.699951171875,2432.10009765625,0,1,0,,0,,,,,0,1,1,UP,False
2026-02-05,5,2432.10009765625,2401.10009765625,0,1,0,,1,,,,,0,1,1,UP,False
2026-02-06,5,2401.10009765625,2417.39990234375,1,0,0,,1,,,,,0,1,1,UP,True
2026-02-09,5,2417.39990234375,2392.5,0,0,0,,1,,,,,0,1,1,UP,False
2026-02-11,5,2392.5,2410.5,1,0,0,,1,,,,,0,1,0,DOWN,False
2026-02-12,5,2410.5,2366.39990234375,0,1,1,,1,,,,,0,0,1,UP,False
2026-02-13,5,2366.39990234375,2397.199951171875,1,1,0,,1,,,,,0,1,1,UP,True
2026-02-16,5,2397.199951171875,2432.10009765625,1,1,0,,1,,,,,0,1,1,UP,True
2026-02-18,5,2432.10009765625,2400.800048828125,0,1,0,,1,,,,,0,1,1,UP,False
2026-02-19,5,2400.800048828125,2429.699951171875,1,1,0,,1,,,,,0,1,1,UP,True
2026-02-23,5,2429.699951171875,2416.39990234375,0,1,0,,1,,,,,0,1,1,UP,False
2026-02-25,5,2416.39990234375,2394.89990234375,0,1,1,,1,,,,,0,1,1,UP,False
2026-02-26,5,2394.89990234375,2376.199951171875,0,1,0,,1,,,,,0,1,1,UP,False
2026-02-27,5,2376.199951171875,2307.10009765625,0,1,0,,1,,,,,0,1,1,UP,False
2026-03-02,5,2307.10009765625,2279.5,0,1,0,,1,,,,,0,1,0,DOWN,True
2026-03-06,5,2279.5,2220.800048828125,0,1,0,,1,,,,,0,0,0,DOWN,True
2026-03-09,5,2220.800048828125,2280.39990234375,1,1,0,,1,,,,,0,1,1,UP,True
2026-03-10,5,2280.39990234375,2232.0,0,1,0,,1,,,,,0,1,1,UP,False
2026-03-11,5,2232.0,2221.199951171875,0,1,1,,1,,,,,0,1,1,UP,False
2026-03-12,5,2221.199951171875,2196.800048828125,0,1,0,,1,,,,,0,1,1,UP,False
2026-03-13,5,2196.800048828125,2217.699951171875,1,1,1,,1,,,,,0,1,1,UP,True
2026-03-16,5,2217.699951171875,2238.199951171875,1,1,0,,1,,,,,0,1,1,UP,True
2026-03-17,5,2238.199951171875,2262.10009765625,1,1,0,,1,,,,,0,1,1,UP,True
2026-03-18,5,2262.10009765625,2186.0,0,1,1,,1,,,,,0,0,1,UP,False
2026-03-19,5,2186.0,2195.39990234375,1,1,1,,1,,,,,0,1,1,UP,True
2026-03-20,5,2195.39990234375,2121.300048828125,0,0,0,,1,,,,,0,1,1,UP,False
2026-03-23,5,2121.300048828125,2217.300048828125,1,1,1,,1,,,,,0,1,1,UP,True
2026-03-24,5,2217.300048828125,2270.199951171875,1,0,0,,1,,,,,0,1,1,UP,True
2026-03-25,5,2270.199951171875,2207.39990234375,0,1,0,,0,,,,,0,1,1,UP,False
2026-03-27,5,2207.39990234375,2165.199951171875,0,1,0,,0,,,,,0,1,0,DOWN,True
2026-03-30,5,2165.199951171875,2225.800048828125,1,0,0,,0,,,,,0,1,1,UP,True
2026-04-01,5,2225.800048828125,2169.0,0,1,0,,1,,,,,0,1,1,UP,False
2026-04-02,5,2169.0,2186.199951171875,1,1,1,,1,,,,,0,1,1,UP,True
2026-04-07,5,2186.199951171875,1023.2000122070312,0,1,0,,1,,,,,0,0,1,UP,False
2026-04-08,5,1023.2000122070312,996.2999877929688,0,1,0,,0,,,,,0,1,1,UP,False
2026-04-09,5,996.2999877929688,,1,1,0,,1,,,,,0,0,0,DOWN,False
2025-12-10,6,2804.5,2779.39990234375,0,1,0,,1,,,,,1,1,1,UP,False
2025-12-11,6,2779.39990234375,2764.800048828125,0,1,0,,1,,,,,1,1,1,UP,False
2025-12-12,6,2764.800048828125,2785.699951171875,1,1,0,,1,,,,,1,1,1,UP,True
2025-12-17,6,2785.699951171875,2759.699951171875,0,0,0,,1,,,,,1,0,0,DOWN,True
2025-12-18,6,2759.699951171875,2807.800048828125,1,1,0,,1,,,,,0,0,0,DOWN,False
2025-12-23,6,2807.800048828125,2785.5,0,1,0,,1,,,,,0,1,1,UP,False
2025-12-24,6,2785.5,2775.39990234375,0,1,0,,1,,,,,1,1,0,DOWN,True
2025-12-29,6,2775.39990234375,2758.300048828125,0,1,0,,1,,,,,1,1,0,DOWN,True
2025-12-30,6,2758.300048828125,2769.5,1,0,0,,0,,,,,0,1,0,DOWN,False
2025-12-31,6,2769.5,2752.0,0,1,0,,0,,,,,0,1,0,DOWN,True
2026-01-01,6,2752.0,2815.60009765625,1,0,0,,0,,,,,0,0,0,DOWN,False
2026-01-05,6,2815.60009765625,2845.800048828125,1,0,0,,0,,,,,0,1,0,DOWN,False
2026-01-06,6,2845.800048828125,2809.39990234375,0,0,0,,0,,,,,0,1,0,DOWN,True
2026-01-07,6,2809.39990234375,2786.5,0,1,0,,0,,,,,1,0,1,UP,False
2026-01-08,6,2786.5,2825.5,1,1,0,,0,,,,,1,0,0,DOWN,False
2026-01-09,6,2825.5,2886.300048828125,1,0,0,,0,,,,,1,0,0,DOWN,False
2026-01-13,6,2886.300048828125,2813.89990234375,0,0,0,,0,,,,,1,0,0,DOWN,True
2026-01-15,6,2813.89990234375,2754.0,0,1,0,,0,,,,,1,0,1,UP,False
2026-01-19,6,2754.0,2661.10009765625,0,0,0,,0,,,,,1,0,0,DOWN,True
2026-01-21,6,2661.10009765625,2703.699951171875,1,1,0,,1,,,,,1,0,0,DOWN,False
2026-01-23,6,2703.699951171875,2622.800048828125,0,0,0,,0,,,,,1,0,0,DOWN,True
2026-01-27,6,2622.800048828125,2511.800048828125,0,0,0,,0,,,,,1,0,0,DOWN,True
2026-01-28,6,2511.800048828125,2416.0,0,0,0,,1,,,,,0,0,0,DOWN,True
2026-01-29,6,2416.0,2428.300048828125,1,0,0,,1,,,,,0,0,0,DOWN,False
2026-01-30,6,2428.300048828125,2402.0,0,0,0,,1,,,,,0,0,0,DOWN,True
2026-02-02,6,2402.0,2426.0,1,1,0,,1,,,,,0,1,1,UP,True
2026-02-03,6,2426.0,2452.699951171875,1,1,0,,1,,,,,0,1,1,UP,True
2026-02-04,6,2452.699951171875,2432.10009765625,0,1,0,,1,,,,,0,1,1,UP,False
2026-02-05,6,2432.10009765625,2401.10009765625,0,1,0,,1,,,,,1,1,1,UP,False
2026-02-06,6,2401.10009765625,2417.39990234375,1,0,0,,1,,,,,1,1,1,UP,True
2026-02-09,6,2417.39990234375,2392.5,0,1,0,,1,,,,,1,1,0,DOWN,True
2026-02-11,6,2392.5,2410.5,1,0,0,,0,,,,,1,1,1,UP,True
2026-02-12,6,2410.5,2366.39990234375,0,1,0,,0,,,,,0,0,0,DOWN,True
2026-02-13,6,2366.39990234375,2397.199951171875,1,1,0,,0,,,,,1,0,0,DOWN,False
2026-02-16,6,2397.199951171875,2432.10009765625,1,1,0,,0,,,,,0,1,1,UP,True
2026-02-18,6,2432.10009765625,2400.800048828125,0,1,0,,0,,,,,1,1,1,UP,False
2026-02-19,6,2400.800048828125,2429.699951171875,1,0,0,,0,,,,,0,1,0,DOWN,False
2026-02-23,6,2429.699951171875,2416.39990234375,0,0,0,,0,,,,,0,0,1,UP,False
2026-02-25,6,2416.39990234375,2394.89990234375,0,1,0,,0,,,,,0,0,0,DOWN,True
2026-02-26,6,2394.89990234375,2376.199951171875,0,1,0,,0,,,,,0,0,1,UP,False
2026-02-27,6,2376.199951171875,2307.10009765625,0,0,0,,0,,,,,0,0,0,DOWN,True
2026-03-02,6,2307.10009765625,2279.5,0,0,0,,1,,,,,0,0,0,DOWN,True
2026-03-06,6,2279.5,2220.800048828125,0,1,0,,1,,,,,0,0,0,DOWN,True
2026-03-09,6,2220.800048828125,2280.39990234375,1,1,0,,1,,,,,0,0,0,DOWN,False
2026-03-10,6,2280.39990234375,2232.0,0,1,0,,1,,,,,0,1,1,UP,False
2026-03-11,6,2232.0,2221.199951171875,0,1,0,,1,,,,,1,1,1,UP,False
2026-03-12,6,2221.199951171875,2196.800048828125,0,1,0,,1,,,,,1,1,1,UP,False
2026-03-13,6,2196.800048828125,2217.699951171875,1,0,0,,1,,,,,1,1,0,DOWN,False
2026-03-16,6,2217.699951171875,2238.199951171875,1,1,0,,1,,,,,1,1,0,DOWN,False
2026-03-17,6,2238.199951171875,2262.10009765625,1,1,0,,1,,,,,0,1,1,UP,True
2026-03-18,6,2262.10009765625,2186.0,0,1,0,,1,,,,,0,1,0,DOWN,True
2026-03-19,6,2186.0,2195.39990234375,1,0,0,,0,,,,,0,1,0,DOWN,False
2026-03-20,6,2195.39990234375,2121.300048828125,0,0,0,,0,,,,,0,1,0,DOWN,True
2026-03-23,6,2121.300048828125,2217.300048828125,1,0,0,,0,,,,,0,1,0,DOWN,False
2026-03-24,6,2217.300048828125,2270.199951171875,1,0,0,,0,,,,,0,0,0,DOWN,False
2026-03-25,6,2270.199951171875,2207.39990234375,0,0,0,,0,,,,,0,0,0,DOWN,True
2026-03-27,6,2207.39990234375,2165.199951171875,0,0,0,,0,,,,,0,0,0,DOWN,True
2026-03-30,6,2165.199951171875,2225.800048828125,1,1,0,,0,,,,,0,0,0,DOWN,False
2026-04-01,6,2225.800048828125,2169.0,0,1,0,,0,,,,,0,0,1,UP,False
2026-04-02,6,2169.0,2186.199951171875,1,1,0,,0,,,,,0,0,1,UP,True
2026-04-07,6,2186.199951171875,1023.2000122070312,0,1,0,,0,,,,,0,0,1,UP,False
2026-04-08,6,1023.2000122070312,996.2999877929688,0,0,0,,0,,,,,0,0,1,UP,False
2026-04-09,6,996.2999877929688,,1,1,0,,0,,,,,0,0,1,UP,True
