date,window_id,close_price,next_close_price,actual,prob_up,meta_prob,lgbm_pred,xgb_pred,lstm_pred,bilstm_pred,gru_pred,cnn_lstm_pred,cnn_gru_pred,tcn_gru_pred,tcn_transformer_pred,nbeats_pred,ensemble_pred,direction,correct
2024-12-27,1,142.5761260986328,149.52845764160156,1,0.6644,0.5,1,0,,,,,,,,,1,UP,True
2024-12-30,1,149.52845764160156,145.3258514404297,0,0.464,0.5,1,0,,,,,,,,,0,DOWN,True
2024-12-31,1,145.3258514404297,146.6032257080078,0,0.4766,0.5,1,0,,,,,,,,,0,DOWN,True
2025-01-01,1,146.6032257080078,149.86973571777344,0,0.4224,0.5,1,0,,,,,,,,,0,DOWN,True
2025-01-03,1,149.86973571777344,141.7960662841797,0,0.3724,0.5,0,0,,,,,,,,,0,DOWN,True
2025-01-06,1,141.7960662841797,142.36160278320312,0,0.4489,0.5,0,0,,,,,,,,,0,DOWN,True
2025-01-07,1,142.36160278320312,140.18719482421875,0,0.4749,0.5,0,0,,,,,,,,,0,DOWN,True
2025-01-08,1,140.18719482421875,136.9596710205078,0,0.4826,0.5,1,0,,,,,,,,,0,DOWN,True
2025-01-09,1,136.9596710205078,125.23921966552734,1,0.6545,0.5,1,0,,,,,,,,,1,UP,True
2025-01-13,1,125.23921966552734,132.1720428466797,1,0.5255,0.5,1,0,,,,,,,,,1,UP,True
2025-01-14,1,132.1720428466797,134.13194274902344,1,0.5516,0.5,1,0,,,,,,,,,1,UP,True
2025-01-15,1,134.13194274902344,139.4168701171875,1,0.4779,0.5,0,0,,,,,,,,,0,DOWN,False
2025-01-16,1,139.4168701171875,142.54689025878906,0,0.4994,0.5,1,0,,,,,,,,,0,DOWN,True
2025-01-17,1,142.54689025878906,143.04415893554688,0,0.4314,0.5,0,0,,,,,,,,,0,DOWN,True
2025-01-20,1,143.04415893554688,136.75489807128906,0,0.4334,0.5,0,0,,,,,,,,,0,DOWN,True
2025-01-22,1,136.75489807128906,137.84698486328125,1,0.435,0.5,0,0,,,,,,,,,0,DOWN,False
2025-01-23,1,137.84698486328125,137.17417907714844,1,0.4889,0.5,0,0,,,,,,,,,0,DOWN,False
2025-01-24,1,137.17417907714844,133.63465881347656,1,0.4873,0.5,0,0,,,,,,,,,0,DOWN,False
2025-01-27,1,133.63465881347656,138.19802856445312,1,0.4635,0.5,0,0,,,,,,,,,0,DOWN,False
2025-01-29,1,138.19802856445312,144.53604125976562,0,0.4275,0.5,0,0,,,,,,,,,0,DOWN,True
2025-01-30,1,144.53604125976562,147.1785125732422,0,0.4284,0.5,0,0,,,,,,,,,0,DOWN,True
2025-01-31,1,147.1785125732422,137.7007293701172,0,0.4274,0.5,0,0,,,,,,,,,0,DOWN,True
2025-02-01,1,137.7007293701172,133.4298858642578,0,0.4418,0.5,0,0,,,,,,,,,0,DOWN,True
2025-02-03,1,133.4298858642578,134.4049530029297,0,0.4127,0.5,0,0,,,,,,,,,0,DOWN,True
2025-02-04,1,134.4049530029297,134.4927215576172,0,0.4187,0.5,0,0,,,,,,,,,0,DOWN,True
2025-02-05,1,134.4927215576172,132.9130859375,0,0.4187,0.5,0,0,,,,,,,,,0,DOWN,True
2025-02-06,1,132.9130859375,130.1048583984375,0,0.4106,0.5,0,0,,,,,,,,,0,DOWN,True
2025-02-07,1,130.1048583984375,127.7841796875,0,0.4737,0.5,0,0,,,,,,,,,0,DOWN,True
2025-02-10,1,127.7841796875,123.10379028320312,0,0.4466,0.5,0,0,,,,,,,,,0,DOWN,True
2025-02-11,1,123.10379028320312,123.41581726074219,0,0.5059,0.5,1,0,,,,,,,,,1,UP,False
2025-02-13,1,123.41581726074219,118.71593475341797,0,0.4927,0.5,1,0,,,,,,,,,0,DOWN,True
2025-02-14,1,118.71593475341797,118.74518585205078,1,0.5416,0.5,1,0,,,,,,,,,1,UP,True
2025-02-17,1,118.74518585205078,121.17313385009766,1,0.4723,0.5,0,0,,,,,,,,,0,DOWN,False
2025-02-19,1,121.17313385009766,121.67042541503906,0,0.4947,0.5,0,0,,,,,,,,,0,DOWN,True
2025-02-20,1,121.67042541503906,121.99220275878906,0,0.4263,0.5,0,0,,,,,,,,,0,DOWN,True
2025-02-21,1,121.99220275878906,120.39306640625,0,0.4132,0.5,0,0,,,,,,,,,0,DOWN,True
2025-02-24,1,120.39306640625,109.61844635009766,0,0.4309,0.5,0,0,,,,,,,,,0,DOWN,True
2025-02-28,1,109.61844635009766,108.36058807373047,1,0.5115,0.5,1,0,,,,,,,,,1,UP,True
2025-03-03,1,108.36058807373047,111.73436737060547,1,0.6164,0.5,1,0,,,,,,,,,1,UP,True
2025-03-04,1,111.73436737060547,114.79611206054688,1,0.4629,0.5,0,0,,,,,,,,,0,DOWN,False
2025-03-05,1,114.79611206054688,117.58483123779297,1,0.4164,0.5,0,0,,,,,,,,,0,DOWN,False
2025-03-06,1,117.58483123779297,120.34431457519531,0,0.4199,0.5,0,0,,,,,,,,,0,DOWN,True
2025-03-07,1,120.34431457519531,116.32698822021484,0,0.4617,0.5,0,0,,,,,,,,,0,DOWN,True
2025-03-11,1,116.32698822021484,116.22947692871094,1,0.3918,0.5,0,0,,,,,,,,,0,DOWN,False
2025-03-12,1,116.22947692871094,114.75711822509766,1,0.3969,0.5,0,0,,,,,,,,,0,DOWN,False
2025-03-13,1,114.75711822509766,115.81019592285156,1,0.3957,0.5,0,0,,,,,,,,,0,DOWN,False
2025-03-18,1,115.81019592285156,125.31723022460938,1,0.4347,0.5,0,0,,,,,,,,,0,DOWN,False
2025-03-20,1,125.31723022460938,127.22071838378906,0,0.4307,0.5,0,0,,,,,,,,,0,DOWN,True
2025-03-21,1,127.22071838378906,130.30165100097656,0,0.4747,0.5,0,0,,,,,,,,,0,DOWN,True
2025-03-24,1,130.30165100097656,126.97543334960938,0,0.4468,0.5,0,0,,,,,,,,,0,DOWN,True
2025-03-25,1,126.97543334960938,122.07929992675781,0,0.4888,0.5,1,0,,,,,,,,,0,DOWN,True
2025-03-28,1,122.07929992675781,125.08174133300781,0,0.4773,0.5,1,0,,,,,,,,,0,DOWN,True
2025-04-02,1,125.08174133300781,126.7301254272461,0,0.4916,0.5,0,0,,,,,,,,,0,DOWN,True
2025-04-03,1,126.7301254272461,122.49140167236328,0,0.4851,0.5,0,0,,,,,,,,,0,DOWN,True
2025-04-04,1,122.49140167236328,120.11692810058594,1,0.4358,0.5,0,0,,,,,,,,,0,DOWN,False
2025-04-07,1,120.11692810058594,122.06949615478516,1,0.4883,0.5,0,0,,,,,,,,,0,DOWN,False
2025-04-08,1,122.06949615478516,120.74488830566406,1,0.465,0.5,0,0,,,,,,,,,0,DOWN,False
2025-04-09,1,120.74488830566406,126.63201141357422,1,0.4317,0.5,0,0,,,,,,,,,0,DOWN,False
2025-04-16,1,126.63201141357422,129.8208770751953,1,0.4851,0.5,1,0,,,,,,,,,0,DOWN,False
2025-04-22,1,129.8208770751953,131.83230590820312,0,0.4669,0.5,1,0,,,,,,,,,0,DOWN,True
2025-04-23,1,131.83230590820312,130.9099884033203,0,0.6507,0.5,1,0,,,,,,,,,1,UP,False
2025-04-24,1,130.9099884033203,126.37690734863281,0,0.6103,0.5,1,0,,,,,,,,,1,UP,False
2025-04-25,1,126.37690734863281,124.54208374023438,0,0.6546,0.5,1,0,,,,,,,,,1,UP,False
2025-04-29,1,124.54208374023438,122.12836456298828,0,0.549,0.5,1,0,,,,,,,,,1,UP,False
2025-04-30,1,122.12836456298828,118.10549926757812,0,0.6451,0.5,1,0,,,,,,,,,1,UP,False
2025-05-06,1,118.10549926757812,118.96894073486328,1,0.598,0.5,1,0,,,,,,,,,1,UP,True
2025-05-07,1,118.96894073486328,116.70240020751953,1,0.6044,0.5,0,0,,,,,,,,,1,UP,True
2025-05-08,1,116.70240020751953,114.22980499267578,1,0.6056,0.5,1,0,,,,,,,,,1,UP,True
2025-05-09,1,114.22980499267578,123.16841888427734,1,0.6665,0.5,1,0,,,,,,,,,1,UP,True
2025-05-12,1,123.16841888427734,122.41291046142578,1,0.5211,0.5,1,0,,,,,,,,,1,UP,True
2025-05-13,1,122.41291046142578,127.51508331298828,1,0.4993,0.5,0,0,,,,,,,,,0,DOWN,False
2025-05-14,1,127.51508331298828,127.78981018066406,1,0.4461,0.5,0,0,,,,,,,,,0,DOWN,False
2025-05-15,1,127.78981018066406,136.00234985351562,1,0.4448,0.5,0,0,,,,,,,,,0,DOWN,False
2025-05-16,1,136.00234985351562,134.1381072998047,0,0.4578,0.5,0,0,,,,,,,,,0,DOWN,True
2025-05-20,1,134.1381072998047,135.48231506347656,1,0.4158,0.5,0,0,,,,,,,,,0,DOWN,False
2025-05-21,1,135.48231506347656,134.25584411621094,1,0.4126,0.5,0,0,,,,,,,,,0,DOWN,False
2025-03-03,2,108.36058807373047,111.73436737060547,1,0.4741,0.5,0,0,,,,,,,,,0,DOWN,False
2025-03-04,2,111.73436737060547,114.79611206054688,1,0.3333,0.5,0,0,,,,,,,,,0,DOWN,False
2025-03-05,2,114.79611206054688,117.58483123779297,1,0.1853,0.5,0,0,,,,,,,,,0,DOWN,False
2025-03-06,2,117.58483123779297,120.34431457519531,0,0.2429,0.5,0,0,,,,,,,,,0,DOWN,True
2025-03-07,2,120.34431457519531,116.32698822021484,0,0.1948,0.5,0,0,,,,,,,,,0,DOWN,True
2025-03-11,2,116.32698822021484,116.22947692871094,1,0.1214,0.5,0,0,,,,,,,,,0,DOWN,False
2025-03-12,2,116.22947692871094,114.75711822509766,1,0.1308,0.5,0,0,,,,,,,,,0,DOWN,False
2025-03-13,2,114.75711822509766,115.81019592285156,1,0.1348,0.5,0,0,,,,,,,,,0,DOWN,False
2025-03-18,2,115.81019592285156,125.31723022460938,1,0.1773,0.5,0,0,,,,,,,,,0,DOWN,False
2025-03-20,2,125.31723022460938,127.22071838378906,0,0.1947,0.5,0,0,,,,,,,,,0,DOWN,True
2025-03-21,2,127.22071838378906,130.30165100097656,0,0.1749,0.5,0,0,,,,,,,,,0,DOWN,True
2025-03-24,2,130.30165100097656,126.97543334960938,0,0.2198,0.5,0,0,,,,,,,,,0,DOWN,True
2025-03-25,2,126.97543334960938,122.07929992675781,0,0.2012,0.5,0,0,,,,,,,,,0,DOWN,True
2025-03-28,2,122.07929992675781,125.08174133300781,0,0.3058,0.5,0,0,,,,,,,,,0,DOWN,True
2025-04-02,2,125.08174133300781,126.7301254272461,0,0.5522,0.5,1,1,,,,,,,,,1,UP,False
2025-04-03,2,126.7301254272461,122.49140167236328,0,0.5952,0.5,1,1,,,,,,,,,1,UP,False
2025-04-04,2,122.49140167236328,120.11692810058594,1,0.4427,0.5,0,0,,,,,,,,,0,DOWN,False
2025-04-07,2,120.11692810058594,122.06949615478516,1,0.5077,0.5,1,0,,,,,,,,,1,UP,True
2025-04-08,2,122.06949615478516,120.74488830566406,1,0.434,0.5,0,0,,,,,,,,,0,DOWN,False
2025-04-09,2,120.74488830566406,126.63201141357422,1,0.467,0.5,1,0,,,,,,,,,0,DOWN,False
2025-04-16,2,126.63201141357422,129.8208770751953,1,0.3108,0.5,0,0,,,,,,,,,0,DOWN,False
2025-04-22,2,129.8208770751953,131.83230590820312,0,0.5306,0.5,1,0,,,,,,,,,1,UP,False
2025-04-23,2,131.83230590820312,130.9099884033203,0,0.5569,0.5,1,1,,,,,,,,,1,UP,False
2025-04-24,2,130.9099884033203,126.37690734863281,0,0.5752,0.5,0,1,,,,,,,,,1,UP,False
2025-04-25,2,126.37690734863281,124.54208374023438,0,0.4351,0.5,0,0,,,,,,,,,0,DOWN,True
2025-04-29,2,124.54208374023438,122.12836456298828,0,0.4367,0.5,0,0,,,,,,,,,0,DOWN,True
2025-04-30,2,122.12836456298828,118.10549926757812,0,0.45,0.5,0,0,,,,,,,,,0,DOWN,True
2025-05-06,2,118.10549926757812,118.96894073486328,1,0.4657,0.5,0,0,,,,,,,,,0,DOWN,False
2025-05-07,2,118.96894073486328,116.70240020751953,1,0.3739,0.5,0,0,,,,,,,,,0,DOWN,False
2025-05-08,2,116.70240020751953,114.22980499267578,1,0.3526,0.5,0,0,,,,,,,,,0,DOWN,False
2025-05-09,2,114.22980499267578,123.16841888427734,1,0.4346,0.5,0,0,,,,,,,,,0,DOWN,False
2025-05-12,2,123.16841888427734,122.41291046142578,1,0.5529,0.5,1,0,,,,,,,,,1,UP,True
2025-05-13,2,122.41291046142578,127.51508331298828,1,0.3129,0.5,0,0,,,,,,,,,0,DOWN,False
2025-05-14,2,127.51508331298828,127.78981018066406,1,0.2407,0.5,0,0,,,,,,,,,0,DOWN,False
2025-05-15,2,127.78981018066406,136.00234985351562,1,0.1809,0.5,0,0,,,,,,,,,0,DOWN,False
2025-05-16,2,136.00234985351562,134.1381072998047,0,0.2215,0.5,0,0,,,,,,,,,0,DOWN,True
2025-05-20,2,134.1381072998047,135.48231506347656,1,0.2208,0.5,0,0,,,,,,,,,0,DOWN,False
2025-05-21,2,135.48231506347656,134.25584411621094,1,0.179,0.5,0,0,,,,,,,,,0,DOWN,False
2025-05-22,2,134.25584411621094,134.1381072998047,1,0.1641,0.5,0,0,,,,,,,,,0,DOWN,False
2025-05-23,2,134.1381072998047,137.5428009033203,1,0.1866,0.5,0,0,,,,,,,,,0,DOWN,False
2025-05-26,2,137.5428009033203,137.69979858398438,1,0.2789,0.5,0,0,,,,,,,,,0,DOWN,False
2025-05-28,2,137.69979858398438,137.3269500732422,1,0.3132,0.5,0,0,,,,,,,,,0,DOWN,False
2025-05-29,2,137.3269500732422,136.33595275878906,1,0.2356,0.5,0,0,,,,,,,,,0,DOWN,False
2025-05-30,2,136.33595275878906,139.34820556640625,1,0.2868,0.5,0,0,,,,,,,,,0,DOWN,False
2025-06-02,2,139.34820556640625,138.1609649658203,1,0.2107,0.5,0,0,,,,,,,,,0,DOWN,False
2025-06-03,2,138.1609649658203,142.5370635986328,1,0.2557,0.5,0,0,,,,,,,,,0,DOWN,False
2025-06-05,2,142.5370635986328,143.65562438964844,0,0.4442,0.5,1,0,,,,,,,,,0,DOWN,True
2025-06-06,2,143.65562438964844,144.1952667236328,0,0.2744,0.5,0,0,,,,,,,,,0,DOWN,True
2025-06-09,2,144.1952667236328,142.497802734375,0,0.3794,0.5,0,0,,,,,,,,,0,DOWN,True
2025-06-10,2,142.497802734375,142.7136688232422,0,0.3017,0.5,0,0,,,,,,,,,0,DOWN,True
2025-06-11,2,142.7136688232422,137.82736206054688,0,0.343,0.5,0,0,,,,,,,,,0,DOWN,True
2025-06-12,2,137.82736206054688,135.7276153564453,0,0.4052,0.5,0,0,,,,,,,,,0,DOWN,True
2025-06-13,2,135.7276153564453,137.3073272705078,0,0.4884,0.5,0,0,,,,,,,,,0,DOWN,True
2025-06-16,2,137.3073272705078,133.46107482910156,0,0.3416,0.5,0,0,,,,,,,,,0,DOWN,True
2025-06-18,2,133.46107482910156,129.86012268066406,1,0.3704,0.5,0,0,,,,,,,,,0,DOWN,False
2025-06-19,2,129.86012268066406,134.4029998779297,1,0.4549,0.5,0,0,,,,,,,,,0,DOWN,False
2025-06-23,2,134.4029998779297,136.01214599609375,1,0.3839,0.5,0,0,,,,,,,,,0,DOWN,False
2025-06-24,2,136.01214599609375,139.0538330078125,1,0.4241,0.5,0,0,,,,,,,,,0,DOWN,False
2025-06-30,2,139.0538330078125,138.83798217773438,0,0.3854,0.5,0,0,,,,,,,,,0,DOWN,True
2025-07-01,2,138.83798217773438,137.6703643798828,0,0.4211,0.5,0,0,,,,,,,,,0,DOWN,True
2025-07-02,2,137.6703643798828,137.07183837890625,0,0.4368,0.5,0,0,,,,,,,,,0,DOWN,True
2025-07-03,2,137.07183837890625,136.62049865722656,0,0.4945,0.5,0,0,,,,,,,,,0,DOWN,True
2025-07-04,2,136.62049865722656,135.6000518798828,0,0.5734,0.5,1,0,,,,,,,,,1,UP,False
2025-07-08,2,135.6000518798828,135.0015411376953,0,0.667,0.5,1,1,,,,,,,,,1,UP,False
2025-07-09,2,135.0015411376953,134.55020141601562,0,0.6103,0.5,1,1,,,,,,,,,1,UP,False
2025-07-10,2,134.55020141601562,132.7349853515625,0,0.5127,0.5,0,0,,,,,,,,,1,UP,False
2025-07-11,2,132.7349853515625,132.7447967529297,0,0.4679,0.5,0,0,,,,,,,,,0,DOWN,True
2025-07-15,2,132.7447967529297,131.32208251953125,0,0.5933,0.5,1,1,,,,,,,,,1,UP,False
2025-07-18,2,131.32208251953125,131.8421173095703,0,0.5116,0.5,1,0,,,,,,,,,1,UP,False
2025-07-21,2,131.8421173095703,128.30984497070312,0,0.4373,0.5,0,0,,,,,,,,,0,DOWN,True
2025-07-22,2,128.30984497070312,132.31309509277344,1,0.5058,0.5,0,1,,,,,,,,,1,UP,True
2025-07-23,2,132.31309509277344,133.09803771972656,0,0.6629,0.5,1,1,,,,,,,,,1,UP,False
2025-07-24,2,133.09803771972656,129.546142578125,0,0.6554,0.5,1,1,,,,,,,,,1,UP,False
2025-07-25,2,129.546142578125,129.73255920410156,0,0.3714,0.5,0,0,,,,,,,,,0,DOWN,True
2025-07-29,2,129.73255920410156,128.927978515625,0,0.3699,0.5,0,0,,,,,,,,,0,DOWN,True
2025-07-30,2,128.927978515625,124.50283813476562,0,0.3226,0.5,0,0,,,,,,,,,0,DOWN,True
2025-05-22,3,134.25584411621094,134.1381072998047,1,0.3179,0.5,0,0,,,,,,,,,0,DOWN,False
2025-05-23,3,134.1381072998047,137.5428009033203,1,0.3624,0.5,0,0,,,,,,,,,0,DOWN,False
2025-05-26,3,137.5428009033203,137.69979858398438,1,0.493,0.5,0,0,,,,,,,,,0,DOWN,False
2025-05-28,3,137.69979858398438,137.3269500732422,1,0.519,0.5,0,1,,,,,,,,,1,UP,True
2025-05-29,3,137.3269500732422,136.33595275878906,1,0.3779,0.5,0,0,,,,,,,,,0,DOWN,False
2025-05-30,3,136.33595275878906,139.34820556640625,1,0.4629,0.5,0,0,,,,,,,,,0,DOWN,False
2025-06-02,3,139.34820556640625,138.1609649658203,1,0.3663,0.5,0,0,,,,,,,,,0,DOWN,False
2025-06-03,3,138.1609649658203,142.5370635986328,1,0.4462,0.5,0,0,,,,,,,,,0,DOWN,False
2025-06-05,3,142.5370635986328,143.65562438964844,0,0.5276,0.5,0,1,,,,,,,,,1,UP,False
2025-06-06,3,143.65562438964844,144.1952667236328,0,0.4422,0.5,0,0,,,,,,,,,0,DOWN,True
2025-06-09,3,144.1952667236328,142.497802734375,0,0.4758,0.5,1,0,,,,,,,,,0,DOWN,True
2025-06-10,3,142.497802734375,142.7136688232422,0,0.4516,0.5,0,0,,,,,,,,,0,DOWN,True
2025-06-11,3,142.7136688232422,137.82736206054688,0,0.4446,0.5,0,0,,,,,,,,,0,DOWN,True
2025-06-12,3,137.82736206054688,135.7276153564453,0,0.4758,0.5,0,0,,,,,,,,,0,DOWN,True
2025-06-13,3,135.7276153564453,137.3073272705078,0,0.4717,0.5,0,0,,,,,,,,,0,DOWN,True
2025-06-16,3,137.3073272705078,133.46107482910156,0,0.4361,0.5,0,0,,,,,,,,,0,DOWN,True
2025-06-18,3,133.46107482910156,129.86012268066406,1,0.4539,0.5,0,0,,,,,,,,,0,DOWN,False
2025-06-19,3,129.86012268066406,134.4029998779297,1,0.4757,0.5,1,0,,,,,,,,,0,DOWN,False
2025-06-23,3,134.4029998779297,136.01214599609375,1,0.4398,0.5,0,0,,,,,,,,,0,DOWN,False
2025-06-24,3,136.01214599609375,139.0538330078125,1,0.4874,0.5,0,0,,,,,,,,,0,DOWN,False
2025-06-30,3,139.0538330078125,138.83798217773438,0,0.5021,0.5,0,0,,,,,,,,,1,UP,False
2025-07-01,3,138.83798217773438,137.6703643798828,0,0.4458,0.5,0,0,,,,,,,,,0,DOWN,True
2025-07-02,3,137.6703643798828,137.07183837890625,0,0.4285,0.5,0,0,,,,,,,,,0,DOWN,True
2025-07-03,3,137.07183837890625,136.62049865722656,0,0.4522,0.5,0,0,,,,,,,,,0,DOWN,True
2025-07-04,3,136.62049865722656,135.6000518798828,0,0.5055,0.5,0,0,,,,,,,,,1,UP,False
2025-07-08,3,135.6000518798828,135.0015411376953,0,0.5727,0.5,1,1,,,,,,,,,1,UP,False
2025-07-09,3,135.0015411376953,134.55020141601562,0,0.5463,0.5,1,1,,,,,,,,,1,UP,False
2025-07-10,3,134.55020141601562,132.7349853515625,0,0.5122,0.5,1,1,,,,,,,,,1,UP,False
2025-07-11,3,132.7349853515625,132.7447967529297,0,0.4713,0.5,0,0,,,,,,,,,0,DOWN,True
2025-07-15,3,132.7447967529297,131.32208251953125,0,0.4997,0.5,1,1,,,,,,,,,0,DOWN,True
2025-07-18,3,131.32208251953125,131.8421173095703,0,0.5244,0.5,1,1,,,,,,,,,1,UP,False
2025-07-21,3,131.8421173095703,128.30984497070312,0,0.4385,0.5,0,0,,,,,,,,,0,DOWN,True
2025-07-22,3,128.30984497070312,132.31309509277344,1,0.5325,0.5,1,1,,,,,,,,,1,UP,True
2025-07-23,3,132.31309509277344,133.09803771972656,0,0.6346,0.5,1,1,,,,,,,,,1,UP,False
2025-07-24,3,133.09803771972656,129.546142578125,0,0.586,0.5,1,1,,,,,,,,,1,UP,False
2025-07-25,3,129.546142578125,129.73255920410156,0,0.4382,0.5,0,0,,,,,,,,,0,DOWN,True
2025-07-29,3,129.73255920410156,128.927978515625,0,0.4343,0.5,0,0,,,,,,,,,0,DOWN,True
2025-07-30,3,128.927978515625,124.50283813476562,0,0.4463,0.5,0,0,,,,,,,,,0,DOWN,True
2025-08-01,3,124.50283813476562,127.2992172241211,0,0.4967,0.5,0,0,,,,,,,,,0,DOWN,True
2025-08-04,3,127.2992172241211,125.94518280029297,0,0.4204,0.5,0,0,,,,,,,,,0,DOWN,True
2025-08-05,3,125.94518280029297,125.12097930908203,0,0.4238,0.5,0,0,,,,,,,,,0,DOWN,True
2025-08-06,3,125.12097930908203,124.85606384277344,0,0.4547,0.5,0,0,,,,,,,,,0,DOWN,True
2025-08-07,3,124.85606384277344,122.67782592773438,0,0.4758,0.5,0,0,,,,,,,,,0,DOWN,True
2025-08-12,3,122.67782592773438,124.41453552246094,1,0.4926,0.5,0,0,,,,,,,,,0,DOWN,False
2025-08-19,3,124.41453552246094,124.3458480834961,0,0.4193,0.5,0,0,,,,,,,,,0,DOWN,True
2025-08-20,3,124.3458480834961,123.08011627197266,0,0.4076,0.5,0,0,,,,,,,,,0,DOWN,True
2025-08-21,3,123.08011627197266,122.62876892089844,0,0.3983,0.5,0,0,,,,,,,,,0,DOWN,True
2025-08-22,3,122.62876892089844,122.02043151855469,0,0.4096,0.5,0,0,,,,,,,,,0,DOWN,True
2025-08-25,3,122.02043151855469,118.91987609863281,0,0.4787,0.5,0,0,,,,,,,,,0,DOWN,True
2025-08-26,3,118.91987609863281,115.88800811767578,1,0.5487,0.5,1,1,,,,,,,,,1,UP,True
2025-08-29,3,115.88800811767578,118.27230072021484,1,0.5312,0.5,1,1,,,,,,,,,1,UP,True
2025-09-01,3,118.27230072021484,121.2551040649414,1,0.4599,0.5,0,0,,,,,,,,,0,DOWN,False
2025-09-03,3,121.2551040649414,119.34178924560547,1,0.429,0.5,0,0,,,,,,,,,0,DOWN,False
2025-09-04,3,119.34178924560547,121.13735961914062,1,0.4279,0.5,0,0,,,,,,,,,0,DOWN,False
2025-09-05,3,121.13735961914062,122.22647857666016,1,0.4955,0.5,0,0,,,,,,,,,0,DOWN,False
2025-09-08,3,122.22647857666016,122.4717788696289,1,0.4462,0.5,0,0,,,,,,,,,0,DOWN,False
2025-09-09,3,122.4717788696289,123.80619049072266,1,0.4341,0.5,0,0,,,,,,,,,0,DOWN,False
2025-09-10,3,123.80619049072266,123.16841888427734,1,0.4451,0.5,0,0,,,,,,,,,0,DOWN,False
2025-09-11,3,123.16841888427734,123.85525512695312,1,0.4092,0.5,0,0,,,,,,,,,0,DOWN,False
2025-09-12,3,123.85525512695312,126.53389739990234,1,0.4505,0.5,0,0,,,,,,,,,0,DOWN,False
2025-09-16,3,126.53389739990234,126.89693450927734,0,0.4216,0.5,0,0,,,,,,,,,0,DOWN,True
2025-09-17,3,126.89693450927734,126.85768127441406,0,0.4289,0.5,0,0,,,,,,,,,0,DOWN,True
2025-09-18,3,126.85768127441406,127.25016021728516,0,0.4441,0.5,0,0,,,,,,,,,0,DOWN,True
2025-09-19,3,127.25016021728516,126.12178802490234,0,0.4462,0.5,0,0,,,,,,,,,0,DOWN,True
2025-09-22,3,126.12178802490234,124.89530944824219,0,0.439,0.5,0,0,,,,,,,,,0,DOWN,True
2025-09-23,3,124.89530944824219,121.7457046508789,0,0.4606,0.5,0,0,,,,,,,,,0,DOWN,True
2025-09-25,3,121.7457046508789,119.61652374267578,1,0.4663,0.5,1,0,,,,,,,,,0,DOWN,False
2025-09-26,3,119.61652374267578,121.92231750488281,1,0.4722,0.5,1,0,,,,,,,,,0,DOWN,False
2025-09-29,3,121.92231750488281,124.68926239013672,1,0.4859,0.5,0,0,,,,,,,,,0,DOWN,False
2025-10-07,3,124.68926239013672,124.12017059326172,0,0.522,0.5,1,1,,,,,,,,,1,UP,False
2025-10-10,3,124.12017059326172,122.71707153320312,0,0.485,0.5,0,1,,,,,,,,,0,DOWN,True
2025-10-20,3,122.71707153320312,123.77549743652344,0,0.4823,0.5,0,0,,,,,,,,,0,DOWN,True
2025-10-29,3,123.77549743652344,122.64747619628906,0,0.4505,0.5,0,0,,,,,,,,,0,DOWN,True
2025-10-30,3,122.64747619628906,122.01420593261719,0,0.4816,0.5,1,0,,,,,,,,,0,DOWN,True
2025-10-31,3,122.01420593261719,121.80641174316406,0,0.4336,0.5,0,0,,,,,,,,,0,DOWN,True
2025-11-03,3,121.80641174316406,119.50089263916016,0,0.502,0.5,1,0,,,,,,,,,1,UP,False
2025-08-01,4,124.50283813476562,127.2992172241211,0,0.4702,0.5,0,0,,,,,,,,,0,DOWN,True
2025-08-04,4,127.2992172241211,125.94518280029297,0,0.4678,0.5,0,0,,,,,,,,,0,DOWN,True
2025-08-05,4,125.94518280029297,125.12097930908203,0,0.4801,0.5,1,0,,,,,,,,,0,DOWN,True
2025-08-06,4,125.12097930908203,124.85606384277344,0,0.4823,0.5,1,0,,,,,,,,,0,DOWN,True
2025-08-07,4,124.85606384277344,122.67782592773438,0,0.4813,0.5,1,0,,,,,,,,,0,DOWN,True
2025-08-12,4,122.67782592773438,124.41453552246094,1,0.537,0.5,0,0,,,,,,,,,1,UP,True
2025-08-19,4,124.41453552246094,124.3458480834961,0,0.4628,0.5,0,0,,,,,,,,,0,DOWN,True
2025-08-20,4,124.3458480834961,123.08011627197266,0,0.456,0.5,0,0,,,,,,,,,0,DOWN,True
2025-08-21,4,123.08011627197266,122.62876892089844,0,0.4943,0.5,0,0,,,,,,,,,0,DOWN,True
2025-08-22,4,122.62876892089844,122.02043151855469,0,0.4917,0.5,0,0,,,,,,,,,0,DOWN,True
2025-08-25,4,122.02043151855469,118.91987609863281,0,0.4663,0.5,1,0,,,,,,,,,0,DOWN,True
2025-08-26,4,118.91987609863281,115.88800811767578,1,0.5352,0.5,1,0,,,,,,,,,1,UP,True
2025-08-29,4,115.88800811767578,118.27230072021484,1,0.5022,0.5,1,0,,,,,,,,,1,UP,True
2025-09-01,4,118.27230072021484,121.2551040649414,1,0.5221,0.5,0,0,,,,,,,,,1,UP,True
2025-09-03,4,121.2551040649414,119.34178924560547,1,0.4889,0.5,0,0,,,,,,,,,0,DOWN,False
2025-09-04,4,119.34178924560547,121.13735961914062,1,0.4899,0.5,0,0,,,,,,,,,0,DOWN,False
2025-09-05,4,121.13735961914062,122.22647857666016,1,0.4529,0.5,0,0,,,,,,,,,0,DOWN,False
2025-09-08,4,122.22647857666016,122.4717788696289,1,0.4881,0.5,0,0,,,,,,,,,0,DOWN,False
2025-09-09,4,122.4717788696289,123.80619049072266,1,0.4362,0.5,0,0,,,,,,,,,0,DOWN,False
2025-09-10,4,123.80619049072266,123.16841888427734,1,0.5183,0.5,0,0,,,,,,,,,1,UP,True
2025-09-11,4,123.16841888427734,123.85525512695312,1,0.4381,0.5,0,0,,,,,,,,,0,DOWN,False
2025-09-12,4,123.85525512695312,126.53389739990234,1,0.4258,0.5,0,0,,,,,,,,,0,DOWN,False
2025-09-16,4,126.53389739990234,126.89693450927734,0,0.4487,0.5,0,0,,,,,,,,,0,DOWN,True
2025-09-17,4,126.89693450927734,126.85768127441406,0,0.4358,0.5,0,0,,,,,,,,,0,DOWN,True
2025-09-18,4,126.85768127441406,127.25016021728516,0,0.4455,0.5,0,0,,,,,,,,,0,DOWN,True
2025-09-19,4,127.25016021728516,126.12178802490234,0,0.4479,0.5,0,0,,,,,,,,,0,DOWN,True
2025-09-22,4,126.12178802490234,124.89530944824219,0,0.4157,0.5,0,0,,,,,,,,,0,DOWN,True
2025-09-23,4,124.89530944824219,121.7457046508789,0,0.4466,0.5,0,0,,,,,,,,,0,DOWN,True
2025-09-25,4,121.7457046508789,119.61652374267578,1,0.4679,0.5,0,0,,,,,,,,,0,DOWN,False
2025-09-26,4,119.61652374267578,121.92231750488281,1,0.476,0.5,0,0,,,,,,,,,0,DOWN,False
2025-09-29,4,121.92231750488281,124.68926239013672,1,0.4696,0.5,0,0,,,,,,,,,0,DOWN,False
2025-10-07,4,124.68926239013672,124.12017059326172,0,0.5459,0.5,1,0,,,,,,,,,1,UP,False
2025-10-10,4,124.12017059326172,122.71707153320312,0,0.51,0.5,1,0,,,,,,,,,1,UP,False
2025-10-20,4,122.71707153320312,123.77549743652344,0,0.3989,0.5,0,0,,,,,,,,,0,DOWN,True
2025-10-29,4,123.77549743652344,122.64747619628906,0,0.5173,0.5,0,0,,,,,,,,,1,UP,False
2025-10-30,4,122.64747619628906,122.01420593261719,0,0.5125,0.5,1,0,,,,,,,,,1,UP,False
2025-10-31,4,122.01420593261719,121.80641174316406,0,0.5025,0.5,1,0,,,,,,,,,1,UP,False
2025-11-03,4,121.80641174316406,119.50089263916016,0,0.5178,0.5,0,0,,,,,,,,,1,UP,False
2025-11-10,4,119.50089263916016,119.7383804321289,1,0.5363,0.5,0,0,,,,,,,,,1,UP,True
2025-11-14,4,119.7383804321289,121.21271514892578,0,0.468,0.5,0,0,,,,,,,,,0,DOWN,True
2025-11-17,4,121.21271514892578,119.55036926269531,0,0.4951,0.5,0,0,,,,,,,,,0,DOWN,True
2025-11-18,4,119.55036926269531,119.5800552368164,0,0.4903,0.5,0,0,,,,,,,,,0,DOWN,True
2025-11-19,4,119.5800552368164,118.81815338134766,0,0.4881,0.5,0,0,,,,,,,,,0,DOWN,True
2025-11-20,4,118.81815338134766,117.83854675292969,0,0.5203,0.5,0,0,,,,,,,,,1,UP,False
2025-11-21,4,117.83854675292969,116.83916473388672,0,0.3933,0.5,0,0,,,,,,,,,0,DOWN,True
2025-11-26,4,116.83916473388672,116.72042846679688,0,0.5201,0.5,1,0,,,,,,,,,1,UP,False
2025-11-27,4,116.72042846679688,115.85956573486328,0,0.5457,0.5,1,0,,,,,,,,,1,UP,False
2025-12-01,4,115.85956573486328,115.19660949707031,0,0.4642,0.5,0,0,,,,,,,,,0,DOWN,True
2025-12-02,4,115.19660949707031,113.50457763671875,0,0.5027,0.5,0,0,,,,,,,,,1,UP,False
2025-12-03,4,113.50457763671875,113.64310455322266,0,0.5125,0.5,1,0,,,,,,,,,1,UP,False
2025-12-04,4,113.64310455322266,110.18978118896484,0,0.5178,0.5,1,0,,,,,,,,,1,UP,False
2025-12-08,4,110.18978118896484,112.4458236694336,1,0.5271,0.5,1,0,,,,,,,,,1,UP,True
2025-12-09,4,112.4458236694336,112.09950256347656,0,0.5114,0.5,1,0,,,,,,,,,1,UP,False
2025-12-11,4,112.09950256347656,112.05992126464844,0,0.513,0.5,1,0,,,,,,,,,1,UP,False
2025-12-15,4,112.05992126464844,110.83295440673828,1,0.4985,0.5,0,0,,,,,,,,,0,DOWN,False
2025-12-16,4,110.83295440673828,109.91272735595703,1,0.5414,0.5,0,0,,,,,,,,,1,UP,True
2025-12-17,4,109.91272735595703,109.64556121826172,1,0.5407,0.5,0,0,,,,,,,,,1,UP,True
2025-12-18,4,109.64556121826172,112.78225708007812,1,0.5126,0.5,0,0,,,,,,,,,1,UP,True
2025-12-19,4,112.78225708007812,115.77051544189453,1,0.4482,0.5,0,0,,,,,,,,,0,DOWN,False
2025-12-22,4,115.77051544189453,120.12428283691406,1,0.4616,0.5,1,0,,,,,,,,,0,DOWN,False
2025-12-23,4,120.12428283691406,120.21333312988281,1,0.5023,0.5,1,0,,,,,,,,,1,UP,True
2025-12-24,4,120.21333312988281,123.28075408935547,1,0.4592,0.5,0,0,,,,,,,,,0,DOWN,False
2025-12-30,4,123.28075408935547,123.31044006347656,1,0.506,0.5,1,0,,,,,,,,,1,UP,True
2025-12-31,4,123.31044006347656,124.46814727783203,1,0.485,0.5,1,0,,,,,,,,,0,DOWN,False
2026-01-01,4,124.46814727783203,126.25912475585938,0,0.4689,0.5,1,0,,,,,,,,,0,DOWN,True
2026-01-05,4,126.25912475585938,125.88311767578125,0,0.4159,0.5,0,0,,,,,,,,,0,DOWN,True
2026-01-06,4,125.88311767578125,126.69449615478516,0,0.4407,0.5,0,0,,,,,,,,,0,DOWN,True
2026-01-07,4,126.69449615478516,122.96411895751953,0,0.4367,0.5,0,0,,,,,,,,,0,DOWN,True
2026-01-08,4,122.96411895751953,121.34134674072266,0,0.4488,0.5,0,0,,,,,,,,,0,DOWN,True
2026-01-12,4,121.34134674072266,120.05501556396484,0,0.5029,0.5,1,0,,,,,,,,,1,UP,False
2026-01-13,4,120.05501556396484,120.72786712646484,0,0.4491,0.5,0,0,,,,,,,,,0,DOWN,True
2026-01-14,4,120.72786712646484,120.72786712646484,0,0.4654,0.5,1,0,,,,,,,,,0,DOWN,True
2026-01-15,4,120.72786712646484,119.62953186035156,0,0.4289,0.5,0,0,,,,,,,,,0,DOWN,True
2026-01-19,4,119.62953186035156,113.93006134033203,0,0.4334,0.5,0,0,,,,,,,,,0,DOWN,True
2026-01-21,4,113.93006134033203,115.79029846191406,1,0.5041,0.5,1,0,,,,,,,,,1,UP,True
2026-01-22,4,115.79029846191406,118.88741302490234,1,0.4936,0.5,1,0,,,,,,,,,0,DOWN,False
2025-11-10,5,119.50089263916016,119.7383804321289,1,0.4803,0.5,0,0,,,,,,,,,0,DOWN,False
2025-11-14,5,119.7383804321289,121.21271514892578,0,0.4623,0.5,0,0,,,,,,,,,0,DOWN,True
2025-11-17,5,121.21271514892578,119.55036926269531,0,0.4498,0.5,0,0,,,,,,,,,0,DOWN,True
2025-11-18,5,119.55036926269531,119.5800552368164,0,0.469,0.5,1,0,,,,,,,,,0,DOWN,True
2025-11-19,5,119.5800552368164,118.81815338134766,0,0.4532,0.5,0,0,,,,,,,,,0,DOWN,True
2025-11-20,5,118.81815338134766,117.83854675292969,0,0.5057,0.5,1,0,,,,,,,,,1,UP,False
2025-11-21,5,117.83854675292969,116.83916473388672,0,0.5045,0.5,1,0,,,,,,,,,1,UP,False
2025-11-26,5,116.83916473388672,116.72042846679688,0,0.5043,0.5,1,0,,,,,,,,,1,UP,False
2025-11-27,5,116.72042846679688,115.85956573486328,0,0.5036,0.5,1,0,,,,,,,,,1,UP,False
2025-12-01,5,115.85956573486328,115.19660949707031,0,0.4891,0.5,1,0,,,,,,,,,0,DOWN,True
2025-12-02,5,115.19660949707031,113.50457763671875,0,0.4571,0.5,0,0,,,,,,,,,0,DOWN,True
2025-12-03,5,113.50457763671875,113.64310455322266,0,0.4858,0.5,1,0,,,,,,,,,0,DOWN,True
2025-12-04,5,113.64310455322266,110.18978118896484,0,0.5057,0.5,1,0,,,,,,,,,1,UP,False
2025-12-08,5,110.18978118896484,112.4458236694336,1,0.495,0.5,1,0,,,,,,,,,0,DOWN,False
2025-12-09,5,112.4458236694336,112.09950256347656,0,0.4756,0.5,0,0,,,,,,,,,0,DOWN,True
2025-12-11,5,112.09950256347656,112.05992126464844,0,0.4817,0.5,1,0,,,,,,,,,0,DOWN,True
2025-12-15,5,112.05992126464844,110.83295440673828,1,0.5004,0.5,1,0,,,,,,,,,1,UP,True
2025-12-16,5,110.83295440673828,109.91272735595703,1,0.4656,0.5,0,0,,,,,,,,,0,DOWN,False
2025-12-17,5,109.91272735595703,109.64556121826172,1,0.4795,0.5,0,0,,,,,,,,,0,DOWN,False
2025-12-18,5,109.64556121826172,112.78225708007812,1,0.4789,0.5,1,0,,,,,,,,,0,DOWN,False
2025-12-19,5,112.78225708007812,115.77051544189453,1,0.4618,0.5,1,0,,,,,,,,,0,DOWN,False
2025-12-22,5,115.77051544189453,120.12428283691406,1,0.4901,0.5,1,0,,,,,,,,,0,DOWN,False
2025-12-23,5,120.12428283691406,120.21333312988281,1,0.5062,0.5,1,0,,,,,,,,,1,UP,True
2025-12-24,5,120.21333312988281,123.28075408935547,1,0.504,0.5,1,0,,,,,,,,,1,UP,True
2025-12-30,5,123.28075408935547,123.31044006347656,1,0.4874,0.5,1,0,,,,,,,,,0,DOWN,False
2025-12-31,5,123.31044006347656,124.46814727783203,1,0.5012,0.5,1,0,,,,,,,,,1,UP,True
2026-01-01,5,124.46814727783203,126.25912475585938,0,0.4974,0.5,1,0,,,,,,,,,0,DOWN,True
2026-01-05,5,126.25912475585938,125.88311767578125,0,0.5126,0.5,1,0,,,,,,,,,1,UP,False
2026-01-06,5,125.88311767578125,126.69449615478516,0,0.522,0.5,1,0,,,,,,,,,1,UP,False
2026-01-07,5,126.69449615478516,122.96411895751953,0,0.4766,0.5,0,0,,,,,,,,,0,DOWN,True
2026-01-08,5,122.96411895751953,121.34134674072266,0,0.5018,0.5,1,0,,,,,,,,,1,UP,False
2026-01-12,5,121.34134674072266,120.05501556396484,0,0.5356,0.5,1,0,,,,,,,,,1,UP,False
2026-01-13,5,120.05501556396484,120.72786712646484,0,0.5264,0.5,1,0,,,,,,,,,1,UP,False
2026-01-14,5,120.72786712646484,120.72786712646484,0,0.5182,0.5,1,0,,,,,,,,,1,UP,False
2026-01-15,5,120.72786712646484,119.62953186035156,0,0.4939,0.5,1,0,,,,,,,,,0,DOWN,True
2026-01-19,5,119.62953186035156,113.93006134033203,0,0.4861,0.5,1,0,,,,,,,,,0,DOWN,True
2026-01-21,5,113.93006134033203,115.79029846191406,1,0.4783,0.5,0,0,,,,,,,,,0,DOWN,False
2026-01-22,5,115.79029846191406,118.88741302490234,1,0.5392,0.5,1,0,,,,,,,,,1,UP,True
2026-01-28,5,118.88741302490234,118.79835510253906,0,0.4879,0.5,1,0,,,,,,,,,0,DOWN,True
2026-01-29,5,118.79835510253906,118.83793640136719,0,0.4543,0.5,0,0,,,,,,,,,0,DOWN,True
2026-01-30,5,118.83793640136719,114.78102111816406,0,0.4471,0.5,0,0,,,,,,,,,0,DOWN,True
2026-02-04,5,114.78102111816406,113.50457763671875,0,0.4394,0.5,0,0,,,,,,,,,0,DOWN,True
2026-02-05,5,113.50457763671875,113.32646942138672,0,0.3869,0.5,0,0,,,,,,,,,0,DOWN,True
2026-02-06,5,113.32646942138672,113.86079406738281,0,0.3997,0.5,0,0,,,,,,,,,0,DOWN,True
2026-02-09,5,113.86079406738281,114.24669647216797,0,0.4169,0.5,0,0,,,,,,,,,0,DOWN,True
2026-02-10,5,114.24669647216797,112.33697509765625,0,0.3912,0.5,0,0,,,,,,,,,0,DOWN,True
2026-02-12,5,112.33697509765625,111.99065399169922,0,0.4444,0.5,0,0,,,,,,,,,0,DOWN,True
2026-02-16,5,111.99065399169922,112.1192855834961,0,0.4571,0.5,0,0,,,,,,,,,0,DOWN,True
2026-02-18,5,112.1192855834961,110.2095718383789,0,0.4701,0.5,1,0,,,,,,,,,0,DOWN,True
2026-02-19,5,110.2095718383789,110.70431518554688,0,0.5121,0.5,1,0,,,,,,,,,1,UP,False
2026-02-20,5,110.70431518554688,110.7142105102539,0,0.5022,0.5,1,0,,,,,,,,,1,UP,False
2026-02-23,5,110.7142105102539,103.46123504638672,0,0.4255,0.5,0,0,,,,,,,,,0,DOWN,True
2026-02-25,5,103.46123504638672,102.14521789550781,0,0.5168,0.5,1,0,,,,,,,,,1,UP,False
2026-02-26,5,102.14521789550781,102.46185302734375,0,0.4973,0.5,1,0,,,,,,,,,0,DOWN,True
2026-02-27,5,102.46185302734375,98.29608917236328,0,0.4283,0.5,0,0,,,,,,,,,0,DOWN,True
2026-03-02,5,98.29608917236328,97.81124114990234,1,0.4506,0.5,0,0,,,,,,,,,0,DOWN,False
2026-03-05,5,97.81124114990234,98.42472839355469,1,0.4272,0.5,0,0,,,,,,,,,0,DOWN,False
2026-03-06,5,98.42472839355469,99.65169525146484,0,0.5153,0.5,1,0,,,,,,,,,1,UP,False
2026-03-10,5,99.65169525146484,98.8699951171875,0,0.5026,0.5,1,0,,,,,,,,,1,UP,False
2026-03-12,5,98.8699951171875,97.19999694824219,0,0.4963,0.5,1,0,,,,,,,,,0,DOWN,True
2026-03-13,5,97.19999694824219,96.44000244140625,0,0.4845,0.5,1,0,,,,,,,,,0,DOWN,True
2026-03-16,5,96.44000244140625,96.73999786376953,0,0.5046,0.5,1,0,,,,,,,,,1,UP,False
2026-03-17,5,96.73999786376953,98.25,0,0.4631,0.5,0,0,,,,,,,,,0,DOWN,True
2026-03-18,5,98.25,95.04000091552734,0,0.4426,0.5,0,0,,,,,,,,,0,DOWN,True
2026-03-19,5,95.04000091552734,94.69000244140625,0,0.4426,0.5,0,0,,,,,,,,,0,DOWN,True
2026-03-20,5,94.69000244140625,89.44999694824219,0,0.4465,0.5,0,0,,,,,,,,,0,DOWN,True
2026-03-23,5,89.44999694824219,92.87000274658203,1,0.4607,0.5,1,0,,,,,,,,,0,DOWN,False
2026-03-24,5,92.87000274658203,95.23999786376953,0,0.4953,0.5,1,0,,,,,,,,,0,DOWN,True
2026-03-25,5,95.23999786376953,87.2300033569336,0,0.4509,0.5,0,0,,,,,,,,,0,DOWN,True
2026-03-30,5,87.2300033569336,91.83999633789062,1,0.4443,0.5,0,0,,,,,,,,,0,DOWN,False
2026-04-02,5,91.83999633789062,92.93000030517578,1,0.3945,0.5,0,0,,,,,,,,,0,DOWN,False
2026-04-07,5,92.93000030517578,98.91000366210938,1,0.3995,0.5,0,0,,,,,,,,,0,DOWN,False
2026-04-08,5,98.91000366210938,98.48999786376953,1,0.3965,0.5,0,0,,,,,,,,,0,DOWN,False
2026-04-09,5,98.48999786376953,100.26000213623047,1,0.444,0.5,0,0,,,,,,,,,0,DOWN,False
2026-04-10,5,100.26000213623047,103.23999786376953,1,0.4524,0.5,0,0,,,,,,,,,0,DOWN,False
2026-04-16,5,103.23999786376953,103.61000061035156,1,0.4651,0.5,1,0,,,,,,,,,0,DOWN,False
2026-04-21,5,103.61000061035156,,1,0.4733,0.5,1,0,,,,,,,,,0,DOWN,False
2026-01-28,6,118.88741302490234,118.79835510253906,0,0.4335,0.5,1,0,,,,,,,,,0,DOWN,True
2026-01-29,6,118.79835510253906,118.83793640136719,0,0.4124,0.5,0,0,,,,,,,,,0,DOWN,True
2026-01-30,6,118.83793640136719,114.78102111816406,0,0.3783,0.5,0,0,,,,,,,,,0,DOWN,True
2026-02-04,6,114.78102111816406,113.50457763671875,0,0.3683,0.5,0,0,,,,,,,,,0,DOWN,True
2026-02-05,6,113.50457763671875,113.32646942138672,0,0.3445,0.5,0,0,,,,,,,,,0,DOWN,True
2026-02-06,6,113.32646942138672,113.86079406738281,0,0.4008,0.5,0,0,,,,,,,,,0,DOWN,True
2026-02-09,6,113.86079406738281,114.24669647216797,0,0.3876,0.5,0,0,,,,,,,,,0,DOWN,True
2026-02-10,6,114.24669647216797,112.33697509765625,0,0.3911,0.5,0,0,,,,,,,,,0,DOWN,True
2026-02-12,6,112.33697509765625,111.99065399169922,0,0.3861,0.5,0,0,,,,,,,,,0,DOWN,True
2026-02-16,6,111.99065399169922,112.1192855834961,0,0.402,0.5,0,0,,,,,,,,,0,DOWN,True
2026-02-18,6,112.1192855834961,110.2095718383789,0,0.3962,0.5,0,0,,,,,,,,,0,DOWN,True
2026-02-19,6,110.2095718383789,110.70431518554688,0,0.3855,0.5,1,0,,,,,,,,,0,DOWN,True
2026-02-20,6,110.70431518554688,110.7142105102539,0,0.4817,0.5,1,0,,,,,,,,,0,DOWN,True
2026-02-23,6,110.7142105102539,103.46123504638672,0,0.3914,0.5,0,0,,,,,,,,,0,DOWN,True
2026-02-25,6,103.46123504638672,102.14521789550781,0,0.5734,0.5,1,0,,,,,,,,,1,UP,False
2026-02-26,6,102.14521789550781,102.46185302734375,0,0.46,0.5,0,0,,,,,,,,,0,DOWN,True
2026-02-27,6,102.46185302734375,98.29608917236328,0,0.4368,0.5,0,0,,,,,,,,,0,DOWN,True
2026-03-02,6,98.29608917236328,97.81124114990234,1,0.6069,0.5,1,0,,,,,,,,,1,UP,True
2026-03-05,6,97.81124114990234,98.42472839355469,1,0.5095,0.5,1,0,,,,,,,,,1,UP,True
2026-03-06,6,98.42472839355469,99.65169525146484,0,0.4378,0.5,1,0,,,,,,,,,0,DOWN,True
2026-03-10,6,99.65169525146484,98.8699951171875,0,0.4693,0.5,1,0,,,,,,,,,0,DOWN,True
2026-03-12,6,98.8699951171875,97.19999694824219,0,0.4715,0.5,1,0,,,,,,,,,0,DOWN,True
2026-03-13,6,97.19999694824219,96.44000244140625,0,0.4868,0.5,1,0,,,,,,,,,0,DOWN,True
2026-03-16,6,96.44000244140625,96.73999786376953,0,0.5233,0.5,1,0,,,,,,,,,1,UP,False
2026-03-17,6,96.73999786376953,98.25,0,0.4656,0.5,0,0,,,,,,,,,0,DOWN,True
2026-03-18,6,98.25,95.04000091552734,0,0.4189,0.5,1,0,,,,,,,,,0,DOWN,True
2026-03-19,6,95.04000091552734,94.69000244140625,0,0.4738,0.5,1,0,,,,,,,,,0,DOWN,True
2026-03-20,6,94.69000244140625,89.44999694824219,0,0.5124,0.5,1,0,,,,,,,,,1,UP,False
2026-03-23,6,89.44999694824219,92.87000274658203,1,0.5183,0.5,0,0,,,,,,,,,1,UP,True
2026-03-24,6,92.87000274658203,95.23999786376953,0,0.505,0.5,0,0,,,,,,,,,1,UP,False
2026-03-25,6,95.23999786376953,87.2300033569336,0,0.4534,0.5,1,0,,,,,,,,,0,DOWN,True
2026-03-30,6,87.2300033569336,91.83999633789062,1,0.5151,0.5,1,0,,,,,,,,,1,UP,True
2026-04-02,6,91.83999633789062,92.93000030517578,1,0.3819,0.5,0,0,,,,,,,,,0,DOWN,False
2026-04-07,6,92.93000030517578,98.91000366210938,1,0.3992,0.5,0,0,,,,,,,,,0,DOWN,False
2026-04-08,6,98.91000366210938,98.48999786376953,1,0.3652,0.5,0,0,,,,,,,,,0,DOWN,False
2026-04-09,6,98.48999786376953,100.26000213623047,1,0.4296,0.5,0,0,,,,,,,,,0,DOWN,False
2026-04-10,6,100.26000213623047,103.23999786376953,1,0.3312,0.5,0,0,,,,,,,,,0,DOWN,False
2026-04-16,6,103.23999786376953,103.61000061035156,1,0.4007,0.5,0,0,,,,,,,,,0,DOWN,False
2026-04-21,6,103.61000061035156,,1,0.3575,0.5,0,0,,,,,,,,,0,DOWN,False
